seed,node_id,neighbor_id,timestamp,modality,predicted_position_covariance_reduction,predicted_position_covariance_reduction_fraction,position_injection_risk,neighbor_to_measurement_covariance_trace_ratio,actual_position_error_change_m,actual_position_error_worsened
0,sat_p03_s01,sat_p02_s01,0.0,RADAR,3.340789470416969,0.13486896347903873,0.13486896347903873,2.06303252984122,0.23398520547047497,True
0,sat_p03_s01,sat_p04_s01,0.0,RADAR,2.6516706505225307,0.12373734273996623,0.12373734273996623,2.063032999880539,-0.4847598106068993,False
0,sat_p03_s01,sat_p02_s01,2.0,RADAR,0.40456487578026756,0.0372909476944528,0.0372909476944528,1.0760908489169176,0.2208114752539947,True
0,sat_p03_s01,sat_p04_s01,2.0,RADAR,0.39047397427627367,0.03738629133421654,0.03738629133421654,1.0760909428324978,-0.2671795440650415,False
0,sat_p03_s01,sat_p02_s01,4.0,RADAR,0.16080051165807024,0.02224008623905458,0.02224008623905458,0.7282202467853266,0.1797167425819417,True
0,sat_p03_s01,sat_p04_s01,4.0,RADAR,0.1562934893036135,0.02210842324875122,0.02210842324875122,0.7282199230009797,-0.03275126558458119,False
0,sat_p03_s01,sat_p02_s01,6.0,RADAR,0.08751751251223643,0.01603769610913419,0.01603769610913419,0.5508104991266775,0.08826856039319697,True
0,sat_p03_s01,sat_p04_s01,6.0,RADAR,0.08536885421364283,0.015898935967740876,0.015898935967740876,0.5508096998932075,-0.026074538515866497,False
0,sat_p03_s01,sat_p02_s01,8.0,RADAR,0.055542036742671906,0.012633963584666667,0.012633963584666667,0.4435101172516828,0.09186983775013546,True
0,sat_p03_s01,sat_p04_s01,8.0,RADAR,0.054330209321805135,0.012516446775146977,0.012516446775146977,0.44350878174315284,0.021523976238248643,True
0,sat_p03_s01,sat_p02_s01,10.0,RADAR,0.03866434581422954,0.010476867585828017,0.010476867585828017,0.37187869448695116,-0.004764675664870932,False
0,sat_p03_s01,sat_p04_s01,10.0,RADAR,0.037905944880733414,0.010380115849234692,0.010380115849234692,0.37187676191673746,-0.012766827554822058,False
0,sat_p03_s01,sat_p02_s01,12.0,RADAR,0.028649738719657404,0.008985444509558686,0.008985444509558686,0.3209045609431216,0.13409187113365162,True
0,sat_p03_s01,sat_p04_s01,12.0,RADAR,0.02813975287981033,0.008905517850329451,0.008905517850329451,0.32090197229919715,0.08133081623696325,True
0,sat_p03_s01,sat_p02_s01,14.0,RADAR,0.02221584183566465,0.007892181545157563,0.007892181545157563,0.28299625435736225,0.06764436697761456,True
0,sat_p03_s01,sat_p04_s01,14.0,RADAR,0.021854894932977403,0.007825717581211868,0.007825717581211868,0.2829929528922498,-0.037027835351403304,False
0,sat_p03_s01,sat_p02_s01,16.0,RADAR,0.017837921418883775,0.00705645168631895,0.00705645168631895,0.2539003248399973,0.0838559127825822,True
0,sat_p03_s01,sat_p04_s01,16.0,RADAR,0.017573063985473533,0.007001080691225223,0.007001080691225223,0.2538962577514418,-0.06633022496850272,False
0,sat_p03_s01,sat_p02_s01,18.0,RADAR,0.014727172144816322,0.006397199343994364,0.006397199343994364,0.2310465449045847,-0.16829612458887877,False
0,sat_p03_s01,sat_p04_s01,18.0,RADAR,0.014528074493215127,0.006351346328388028,0.006351346328388028,0.2310416646987667,-0.0469674635326538,False
0,sat_p03_s01,sat_p02_s01,20.0,RADAR,0.01244141707297083,0.005864453802825353,0.005864453802825353,0.21278836508313884,-0.013439773849845071,False
0,sat_p03_s01,sat_p04_s01,20.0,RADAR,0.012289668867136422,0.005827097974762619,0.005827097974762619,0.21278262908284912,-0.03257075779847596,False
0,sat_p03_s01,sat_p02_s01,22.0,RADAR,0.010716850214071937,0.0054257951880066005,0.0054257951880066005,0.19802029439907815,0.08653226041332074,True
0,sat_p03_s01,sat_p04_s01,22.0,RADAR,0.010600724646092964,0.0053962817589622725,0.0053962817589622725,0.19801366455633426,-0.013201769714321632,False
0,sat_p03_s01,sat_p02_s01,24.0,RADAR,0.009388047129210049,0.005059344180016338,0.005059344180016338,0.18597066217073713,0.10258447332642073,True
0,sat_p03_s01,sat_p04_s01,24.0,RADAR,0.009299764981724896,0.005037253161212347,0.005037253161212347,0.18596310948548805,0.07470645273979182,True
0,sat_p03_s01,sat_p02_s01,26.0,RADAR,0.008346932366220378,0.004749851400281653,0.004749851400281653,0.17608265060457914,0.02734828394107458,True
0,sat_p03_s01,sat_p04_s01,26.0,RADAR,0.008281162075990806,0.0047349149168865535,0.0047349149168865535,0.17607415410511862,0.081989984830932,True
0,sat_p03_s01,sat_p02_s01,28.0,RADAR,0.007520441994089242,0.004486405259813581,0.004486405259813581,0.16794266949477415,-0.018683758775463355,False
0,sat_p03_s01,sat_p04_s01,28.0,RADAR,0.007473428464287233,0.00447845112260944,0.00447845112260944,0.16793321846431644,-0.004940600613485335,False
0,sat_p03_s01,sat_p02_s01,30.0,RADAR,0.006857707876389065,0.0042610091422406035,0.0042610091422406035,0.16123549880968321,-0.13740744600858723,False
0,sat_p03_s01,sat_p04_s01,30.0,RADAR,0.0068267557500371985,0.0042599289170527545,0.0042599289170527545,0.16122508937374402,-0.051222118737029865,False
0,sat_p03_s01,sat_p02_s01,32.0,RADAR,0.006322406186875246,0.004067674844946697,0.004067674844946697,0.15571524724309987,-0.042474931294923524,False
0,sat_p03_s01,sat_p04_s01,32.0,RADAR,0.006305552701754794,0.0040734011598575525,0.0040734011598575525,0.1557038859710862,0.0027783283274882553,True
0,sat_p03_s01,sat_p02_s01,34.0,RADAR,0.005887997492789382,0.00390181219989816,0.00390181219989816,0.15118602318837743,-0.036745158185470306,False
0,sat_p03_s01,sat_p04_s01,34.0,RADAR,0.005883809074943208,0.003914309689450824,0.003914309689450824,0.15117372651672298,0.026331373933080826,True
0,sat_p03_s01,sat_p02_s01,36.0,RADAR,0.005534692970340055,0.003759821755300999,0.003759821755300999,0.147488767668222,-0.008217620091273026,False
0,sat_p03_s01,sat_p04_s01,36.0,RADAR,0.005542122505070064,0.003779077565548678,0.003779077565548678,0.14747556084989952,-0.015014972185774744,False
0,sat_p03_s01,sat_p02_s01,38.0,RADAR,0.0052474492501417445,0.0036388065222951703,0.0036388065222951703,0.1444921063345914,-0.003971189870083602,False
0,sat_p03_s01,sat_p04_s01,38.0,RADAR,0.00526573550547679,0.003664822699619496,0.0036648226996194955,0.1444780236917186,0.0010111113384951853,True
0,sat_p03_s01,sat_p02_s01,40.0,RADAR,0.005014617546336824,0.003536369941308916,0.003536369941308916,0.14208589176205988,-0.0178542409099387,False
0,sat_p03_s01,sat_p04_s01,40.0,RADAR,0.005043211159263411,0.0035691564836769617,0.0035691564836769617,0.14207097674346492,0.03290045247887119,True
0,sat_p03_s01,sat_p02_s01,42.0,RADAR,0.004827016428616757,0.00345047526431417,0.003450475264314171,0.14017658051254947,-0.06134772637867675,False
0,sat_p03_s01,sat_p04_s01,42.0,RADAR,0.004865524330410239,0.0034900441253620422,0.0034900441253620422,0.14016088333488233,-0.04295365374902482,False
0,sat_p03_s01,sat_p02_s01,44.0,RADAR,0.004677279819620006,0.003379345151961605,0.003379345151961605,0.13868388622909142,0.06939782429891411,True
0,sat_p03_s01,sat_p04_s01,44.0,RADAR,0.004725416779668921,0.0034257009495823904,0.0034257009495823904,0.13866746440844357,-0.019174901336580952,False
0,sat_p03_s01,sat_p02_s01,46.0,RADAR,0.004559391473978113,0.003321390377502053,0.003321390377502053,0.13753832644010291,-0.0003235095066204119,False
0,sat_p03_s01,sat_p04_s01,46.0,RADAR,0.004616939152797075,0.003374520474894481,0.003374520474894481,0.13752124158040704,0.007934590499823257,True
0,sat_p03_s01,sat_p02_s01,48.0,RADAR,0.0044683515019967686,0.0032751619133869134,0.0032751619133869134,0.13667940899259523,0.06371453066053667,True
0,sat_p03_s01,sat_p04_s01,48.0,RADAR,0.004535127560476087,0.003335029543751859,0.003335029543751859,0.13666172724941467,-0.004513388103952076,False
0,sat_p03_s01,sat_p02_s01,50.0,RADAR,0.0043999338994483725,0.0032393185295268544,0.0032393185295268544,0.13605427009108942,-0.05481811711704587,False
0,sat_p03_s01,sat_p04_s01,50.0,RADAR,0.004475766234139118,0.00330585662445909,0.00330585662445909,0.1360360598395062,0.057556098488877105,True
0,sat_p03_s01,sat_p02_s01,52.0,RADAR,0.0043505099451632175,0.0032126059488451174,0.0032126059488451174,0.13561663694592957,0.02426498934524801,True
0,sat_p03_s01,sat_p04_s01,52.0,RADAR,0.00443521287172547,0.0032857100731183467,0.003285710073118347,0.1355979671285512,0.020965446839902868,True
0,sat_p03_s01,sat_p02_s01,54.0,RADAR,0.00431692032855628,0.003193844751879355,0.0031938447518793556,0.13532602416900733,0.02803577156600645,True
0,sat_p03_s01,sat_p04_s01,54.0,RADAR,0.004410281073104989,0.003273371821743661,0.003273371821743661,0.13530696623049107,-0.044699089943542325,False
0,sat_p03_s01,sat_p02_s01,56.0,RADAR,0.004296381233061278,0.0031819230262042425,0.0031819230262042425,0.1351470882349082,-0.03944028352998363,False
0,sat_p03_s01,sat_p04_s01,56.0,RADAR,0.004398150259667274,0.003267691359749387,0.003267691359749387,0.13512770826632345,0.025209378914838654,True
0,sat_p03_s01,sat_p02_s01,58.0,RADAR,0.0042864190354784375,0.0031757946008824467,0.0031757946008824467,0.1350491048928209,-0.05542648561108299,False
0,sat_p03_s01,sat_p04_s01,58.0,RADAR,0.004396304035558135,0.0032675853406191565,0.0032675853406191565,0.13502946887524656,-0.01113179207547288,False
0,sat_p03_s01,sat_p02_s01,60.0,RADAR,0.0042848253122802354,0.00317448043870831,0.00317448043870831,0.13500552075353944,0.0019121275618798617,True
0,sat_p03_s01,sat_p04_s01,60.0,RADAR,0.004402488212923766,0.0032720399855830024,0.0032720399855830024,0.13498569093562843,0.03535136476324985,True
0,sat_p03_s01,sat_p02_s01,62.0,RADAR,0.004289622480306205,0.003177068782321639,0.003177068782321639,0.13499356411428143,-0.007706873702019057,False
0,sat_p03_s01,sat_p04_s01,62.0,RADAR,0.0044146859625655436,0.003280117142776876,0.003280117142776876,0.1349735967974175,-0.02125488438922607,False
0,sat_p03_s01,sat_p02_s01,64.0,RADAR,0.004299043000982461,0.003182718367825717,0.003182718367825717,0.13499389402171186,-0.02412240676017885,False
0,sat_p03_s01,sat_p04_s01,64.0,RADAR,0.0044310907692990285,0.0032909518107718475,0.0032909518107718475,0.13497384339469137,-0.037556906073755836,False
0,sat_p03_s01,sat_p02_s01,66.0,RADAR,0.004311513755926886,0.0031906602797425365,0.0031906602797425365,0.13499027849990883,-0.01350857345257539,False
0,sat_p03_s01,sat_p04_s01,66.0,RADAR,0.004450102951081342,0.0033037620748206558,0.0033037620748206558,0.1349701850269472,-0.034114173120072144,False
0,sat_p03_s01,sat_p02_s01,68.0,RADAR,0.004325645364234497,0.0032001996917680607,0.0032001996917680607,0.13496929006899686,0.021129487512822287,True
0,sat_p03_s01,sat_p04_s01,68.0,RADAR,0.004470311223945412,0.0033178442824420523,0.0033178442824420523,0.1349491946271498,-0.05439831444490084,False
0,sat_p03_s01,sat_p02_s01,70.0,RADAR,0.004340222806700418,0.00321071590828083,0.00321071590828083,0.13492002361899672,0.004486144883498744,True
0,sat_p03_s01,sat_p04_s01,70.0,RADAR,0.004490487041604221,0.0033325751835255987,0.0033325751835255987,0.13489996037171315,0.017285987882827092,True
0,sat_p03_s01,sat_p02_s01,72.0,RADAR,0.0043541981137094985,0.0032216621730667755,0.0032216621730667755,0.1348338245529352,0.014980123873687967,True
0,sat_p03_s01,sat_p04_s01,72.0,RADAR,0.004509580311483093,0.0033474134814667853,0.0033474134814667853,0.13481381927976882,-0.05162634224525209,False
0,sat_p03_s01,sat_p02_s01,74.0,RADAR,0.004366683410205319,0.003232564679766126,0.003232564679766126,0.13470403357831678,-0.013446887889541959,False
0,sat_p03_s01,sat_p04_s01,74.0,RADAR,0.004526707931232117,0.003361895146464931,0.003361895146464931,0.1346841052480537,-0.06321449357191256,False
0,sat_p03_s01,sat_p02_s01,76.0,RADAR,0.004376941021385717,0.0032430187797370287,0.0032430187797370287,0.134525744912308,0.04198917618883824,True
0,sat_p03_s01,sat_p04_s01,76.0,RADAR,0.004541142540111002,0.0033756283898387796,0.0033756283898387796,0.1345059052171289,0.034562070986148496,True
0,sat_p03_s01,sat_p02_s01,78.0,RADAR,0.004384374881943714,0.0032526859242489187,0.0032526859242489187,0.1342955797598719,-0.0064393031280631785,False
0,sat_p03_s01,sat_p04_s01,78.0,RADAR,0.004552305771084028,0.003388291874685087,0.003388291874685087,0.13427583832457154,-0.009320155942553976,False
0,sat_p03_s01,sat_p02_s01,80.0,RADAR,0.004388519626763664,0.0032612888368605867,0.0032612888368605867,0.13401147617410483,0.0036778590670061284,True
0,sat_p03_s01,sat_p04_s01,80.0,RADAR,0.0045597524488494995,0.0033996262374066917,0.0033996262374066917,0.13399183427538022,-0.008194308889263535,False
0,sat_p03_s01,sat_p02_s01,82.0,RADAR,0.004389031014869165,0.0032686077403179335,0.0032686077403179335,0.1336724934350573,-0.003669350174516639,False
0,sat_p03_s01,sat_p04_s01,82.0,RADAR,0.004563164998581598,0.0034094333486399723,0.0034094333486399723,0.1336529442394678,-0.02110713419611021,False
0,sat_p03_s01,sat_p02_s01,84.0,RADAR,0.004385671765520977,0.003274473276789876,0.003274473276789876,0.1332786339996784,-0.0016599434981463546,False
0,sat_p03_s01,sat_p04_s01,84.0,RADAR,0.004562330854501357,0.003417563045729285,0.003417563045729285,0.13325917061492726,0.03139225839324844,True
0,sat_p03_s01,sat_p02_s01,86.0,RADAR,0.004378301970529201,0.0032787629108746038,0.0032787629108746038,0.13283068237829307,0.05482521849865385,True
0,sat_p03_s01,sat_p04_s01,86.0,RADAR,0.004557140248079285,0.003423915188843978,0.003423915188843978,0.13281128939126166,0.018725115625219613,True
0,sat_p03_s01,sat_p02_s01,88.0,RADAR,0.0043668656729245765,0.0032813944901881995,0.0032813944901881995,0.13233005898214142,0.038705765780950196,True
0,sat_p03_s01,sat_p04_s01,88.0,RADAR,0.004547566165155757,0.003428428420558563,0.003428428420558563,0.132310724327136,-0.007030809885524958,False
0,sat_p03_s01,sat_p02_s01,90.0,RADAR,0.004351378902171646,0.0032823208981374,0.0032823208981374,0.13177869265022701,-0.054709409369534945,False
0,sat_p03_s01,sat_p04_s01,90.0,RADAR,0.004533652394095411,0.0034310749645271154,0.0034310749645271154,0.1317593977290069,-0.011493704684787831,False
0,sat_p03_s01,sat_p02_s01,92.0,RADAR,0.004331918885634242,0.0032815254211403704,0.0032815254211403704,0.1311789057473143,0.03232493912793322,True
0,sat_p03_s01,sat_p04_s01,92.0,RADAR,0.004515504168360246,0.003431857211769972,0.0034318572117699713,0.13115962183789412,0.009691615908666629,True
0,sat_p03_s01,sat_p02_s01,94.0,RADAR,0.004308611803398308,0.0032790158779270667,0.0032790158779270667,0.1305333150292236,-0.04924282535604185,False
0,sat_p03_s01,sat_p04_s01,94.0,RADAR,0.004493273591154084,0.0034308002092518397,0.0034308002092518397,0.13051401906603324,-0.002626965459587849,False
0,sat_p03_s01,sat_p02_s01,96.0,RADAR,0.00428162544694756,0.0032748222014673655,0.0032748222014673655,0.12984474758832842,0.0670705837709914,True
0,sat_p03_s01,sat_p04_s01,96.0,RADAR,0.004467152312037561,0.0034279493640618185,0.0034279493640618185,0.1298254063233393,0.019551159486243197,True
0,sat_p03_s01,sat_p02_s01,98.0,RADAR,0.0042511579712415475,0.0032689908045426077,0.0032689908045426077,0.12911616555601177,-0.01856502849229047,False
0,sat_p03_s01,sat_p04_s01,98.0,RADAR,0.004437362507512288,0.0034233665964317622,0.0034233665964317622,0.1290967527412618,0.022342739061899874,True
0,sat_p03_s01,sat_p02_s01,100.0,RADAR,0.0042174306048482,0.0032615816327018913,0.0032615816327018913,0.12835060704633564,0.020331357166189945,True
0,sat_p03_s01,sat_p04_s01,100.0,RADAR,0.004404144384337234,0.0034171234682567656,0.0034171234682567656,0.12833109824879188,-0.008388260872604636,False
0,sat_p03_s01,sat_p02_s01,102.0,RADAR,0.004180680456957393,0.0032526649450334605,0.0032526649450334605,0.12755113274299604,0.014646195763730607,True
0,sat_p03_s01,sat_p04_s01,102.0,RADAR,0.004367755406892251,0.0034093029558482034,0.0034093029558482034,0.1275314874290344,-0.03496334233058329,False
0,sat_p03_s01,sat_p02_s01,104.0,RADAR,0.004141154307259385,0.003242318567022651,0.003242318567022651,0.12672078483846028,0.02363001780708862,True
0,sat_p03_s01,sat_p04_s01,104.0,RADAR,0.004328457696323879,0.003399991796610257,0.003399991796610257,0.126700975141634,0.07735715280112965,True
0,sat_p03_s01,sat_p02_s01,106.0,RADAR,0.004099103462503088,0.00323062559112852,0.00323062559112852,0.1258625525030131,0.0487155474293286,True
0,sat_p03_s01,sat_p04_s01,106.0,RADAR,0.004286518956019656,0.00338928293282679,0.00338928293282679,0.12584254443479506,-0.01847010159477669,False
0,sat_p03_s01,sat_p02_s01,108.0,RADAR,0.004054779554063515,0.0032176725472494575,0.0032176725472494575,0.12497934527943505,0.006516511370291189,True
0,sat_p03_s01,sat_p04_s01,108.0,RADAR,0.0042422042324190895,0.0033772705558334647,0.0033772705558334647,0.12495910673957389,-0.03623710870193908,False
0,sat_p03_s01,sat_p02_s01,110.0,RADAR,0.004008430833590578,0.003203547644726707,0.003203547644726707,0.12407397204003821,0.09991081092751164,True
0,sat_p03_s01,sat_p04_s01,110.0,RADAR,0.004195772747225055,0.0033640487470467566,0.0033640487470467566,0.12405347784338779,0.04720525860894975,True
0,sat_p03_s01,sat_p02_s01,112.0,RADAR,0.003960298702611133,0.00318833891372758,0.00318833891372758,0.12314912506951434,-0.0017313421903486503,False
0,sat_p03_s01,sat_p04_s01,112.0,RADAR,0.0041474778940332165,0.0033497123864827958,0.0033497123864827958,0.12312833960921579,0.00743632444330633,True
0,sat_p03_s01,sat_p02_s01,114.0,RADAR,0.003910616176197217,0.003172133660613179,0.003172133660613179,0.12220736925544279,0.061484118885508865,True
0,sat_p03_s01,sat_p04_s01,114.0,RADAR,0.004097561161024083,0.0033343529817306777,0.0033343529817306777,0.12218625856532757,0.025289799030211224,True
0,sat_p03_s01,sat_p02_s01,116.0,RADAR,0.0038596060034605368,0.003155017444240974,0.003155017444240974,0.12125113419221467,0.027121644239292086,True
0,sat_p03_s01,sat_p04_s01,116.0,RADAR,0.004046254206429088,0.0033180608087272894,0.0033180608087272894,0.12122967539191301,0.031740702535641985,True
0,sat_p03_s01,sat_p02_s01,118.0,RADAR,0.0038074792634154534,0.0031370732121802324,0.0031370732121802324,0.120282710456661,0.02658025060651792,True
0,sat_p03_s01,sat_p04_s01,118.0,RADAR,0.003993774296972662,0.0033009214729966293,0.0033009214729966293,0.12026086744207089,0.009142880868995396,True
0,sat_p03_s01,sat_p02_s01,120.0,RADAR,0.003754434763965283,0.0031183809597358247,0.003118380959735825,0.11930424729412632,0.0594285996304712,True
0,sat_p03_s01,sat_p04_s01,120.0,RADAR,0.003940327921717596,0.0032830190126896938,0.0032830190126896938,0.11928199259643237,-0.02101649812591977,False
1,sat_p03_s01,sat_p02_s01,0.0,RADAR,3.340789321702947,0.13486895747524705,0.13486895747524705,2.063032529826245,0.5441010828742443,True
1,sat_p03_s01,sat_p04_s01,0.0,RADAR,2.6516702915890074,0.12373732513179601,0.12373732513179601,2.0630329998412993,0.4645909309650289,True
1,sat_p03_s01,sat_p02_s01,2.0,RADAR,0.4045649689061772,0.03729095574453983,0.03729095574453983,1.0760908488397591,0.03775483628700993,True
1,sat_p03_s01,sat_p04_s01,2.0,RADAR,0.3904737025321659,0.03738626509324234,0.03738626509324234,1.0760909429390395,-0.08058558579607311,False
1,sat_p03_s01,sat_p02_s01,4.0,RADAR,0.16080051614537316,0.0222400863777816,0.0222400863777816,0.72822024660323,-0.4100252341057544,False
1,sat_p03_s01,sat_p04_s01,4.0,RADAR,0.1562933541789933,0.02210840365884385,0.02210840365884385,0.7282199229483375,0.24198709803052054,True
1,sat_p03_s01,sat_p02_s01,6.0,RADAR,0.08751754251826158,0.01603770112878699,0.01603770112878699,0.5508104991167325,-0.23064693859062002,False
1,sat_p03_s01,sat_p04_s01,6.0,RADAR,0.08536880432217908,0.015898926282309357,0.015898926282309357,0.5508096996700074,0.09902042909031072,True
1,sat_p03_s01,sat_p02_s01,8.0,RADAR,0.05554204298630165,0.012633964666300101,0.012633964666300101,0.44351011722822026,0.07076921044993911,True
1,sat_p03_s01,sat_p04_s01,8.0,RADAR,0.05433020290926317,0.012516444976118514,0.012516444976118514,0.4435087813310866,0.001492077289479532,True
1,sat_p03_s01,sat_p02_s01,10.0,RADAR,0.038664353595790416,0.010476869458992852,0.010476869458992852,0.37187869442000576,-0.3792159282929224,False
1,sat_p03_s01,sat_p04_s01,10.0,RADAR,0.037905934142939815,0.010380112695231505,0.010380112695231505,0.3718767616365622,0.030437626763297754,True
1,sat_p03_s01,sat_p02_s01,12.0,RADAR,0.028649744686947386,0.008985446199604457,0.008985446199604457,0.32090456090699276,-0.07379159088319875,False
1,sat_p03_s01,sat_p04_s01,12.0,RADAR,0.028139739952763185,0.00890551359456749,0.00890551359456749,0.32090197194271924,-0.04867428414195141,False
1,sat_p03_s01,sat_p02_s01,14.0,RADAR,0.022215846404302332,0.007892183011590325,0.007892183011590325,0.2829962542333671,-0.20622044592695898,False
1,sat_p03_s01,sat_p04_s01,14.0,RADAR,0.021854883047046286,0.007825713181452218,0.007825713181452218,0.2829929526550802,0.02089072709883455,True
1,sat_p03_s01,sat_p02_s01,16.0,RADAR,0.017837925465860605,0.007056453144826198,0.007056453144826198,0.2539003247070936,-0.04431982972802517,False
1,sat_p03_s01,sat_p04_s01,16.0,RADAR,0.01757306094468807,0.0070010793487578025,0.0070010793487578025,0.2538962576122973,0.024712184952908167,True
1,sat_p03_s01,sat_p02_s01,18.0,RADAR,0.014727173440664971,0.006397199789888171,0.006397199789888171,0.23104654482185896,-0.35295432085448675,False
1,sat_p03_s01,sat_p04_s01,18.0,RADAR,0.014528070424046163,0.006351344436130119,0.006351344436130119,0.2310416640522634,-0.029160687691299758,False
1,sat_p03_s01,sat_p02_s01,20.0,RADAR,0.012441416435892267,0.005864453397344292,0.005864453397344292,0.21278836501375478,0.06671738417590478,True
1,sat_p03_s01,sat_p04_s01,20.0,RADAR,0.01228966398672242,0.005827095553842573,0.005827095553842573,0.21278262788329402,0.011161058689310499,True
1,sat_p03_s01,sat_p02_s01,22.0,RADAR,0.01071685186615803,0.005425795917778065,0.005425795917778065,0.1980202944387754,-0.06486381518820439,False
1,sat_p03_s01,sat_p04_s01,22.0,RADAR,0.01060072089982006,0.005396279749810561,0.005396279749810561,0.19801366402805323,0.03869405026226169,True
1,sat_p03_s01,sat_p02_s01,24.0,RADAR,0.009388047158020501,0.005059344096134342,0.005059344096134342,0.1859706621932445,-0.09952161870492537,False
1,sat_p03_s01,sat_p04_s01,24.0,RADAR,0.00929976211056375,0.005037251506637932,0.005037251506637932,0.18596311017104553,0.07028131014734318,True
1,sat_p03_s01,sat_p02_s01,26.0,RADAR,0.0083469324927425,0.004749851373981332,0.004749851373981332,0.1760826502913917,0.0406108524695139,True
1,sat_p03_s01,sat_p04_s01,26.0,RADAR,0.008281159951991553,0.0047349136043345,0.0047349136043345,0.17607415517501313,-0.002503394298655204,False
1,sat_p03_s01,sat_p02_s01,28.0,RADAR,0.007520440713112964,0.004486404403086586,0.004486404403086586,0.16794266946570893,-0.10555256882276653,False
1,sat_p03_s01,sat_p04_s01,28.0,RADAR,0.0074734255962874765,0.004478449307724769,0.00447844930772477,0.1679332189895882,0.01269415564448173,True
1,sat_p03_s01,sat_p02_s01,30.0,RADAR,0.006857706630039137,0.004261008272094912,0.004261008272094912,0.16123549915787969,-0.13685259108668157,False
1,sat_p03_s01,sat_p04_s01,30.0,RADAR,0.006826752087469246,0.004259926532162847,0.004259926532162847,0.16122509003194724,0.046150864124787416,True
1,sat_p03_s01,sat_p02_s01,32.0,RADAR,0.006322403553293738,0.004067673051215001,0.004067673051215001,0.1557152475819544,0.12159513046803161,True
1,sat_p03_s01,sat_p04_s01,32.0,RADAR,0.006305550670093529,0.004073399740570957,0.004073399740570957,0.155703886142642,0.011705907399489845,True
1,sat_p03_s01,sat_p02_s01,34.0,RADAR,0.005887994728109383,0.0039018102655432743,0.0039018102655432743,0.1511860235107868,-0.03463957544242413,False
1,sat_p03_s01,sat_p04_s01,34.0,RADAR,0.005883806880706328,0.003914308119488039,0.003914308119488039,0.1511737272810338,0.0065384097024882015,True
1,sat_p03_s01,sat_p02_s01,36.0,RADAR,0.005534690968285345,0.0037598202955157994,0.0037598202955157994,0.14748876779983708,-0.03267861013157358,False
1,sat_p03_s01,sat_p04_s01,36.0,RADAR,0.005542120209209485,0.0037790758942411627,0.0037790758942411627,0.14747556187801167,-0.00566960160326202,False
1,sat_p03_s01,sat_p02_s01,38.0,RADAR,0.005247446816064264,0.0036388047356109158,0.0036388047356109158,0.14449210639478033,-0.005694885266109617,False
1,sat_p03_s01,sat_p04_s01,38.0,RADAR,0.005265732569208714,0.003664820549980405,0.003664820549980405,0.14447802548366728,0.04200949132612919,True
1,sat_p03_s01,sat_p02_s01,40.0,RADAR,0.005014615463415385,0.0035363683687928086,0.0035363683687928086,0.14208589173290886,-0.03083360609451502,False
1,sat_p03_s01,sat_p04_s01,40.0,RADAR,0.005043209617027455,0.0035691552820058914,0.0035691552820058914,0.14207097735323398,0.15486777230746063,True
1,sat_p03_s01,sat_p02_s01,42.0,RADAR,0.004827014805998942,0.003450474000387714,0.003450474000387714,0.14017658043297795,-0.06958324658535475,False
1,sat_p03_s01,sat_p04_s01,42.0,RADAR,0.004865524042573461,0.0034900438092393513,0.0034900438092393513,0.14016088523697443,0.07264968825892104,True
1,sat_p03_s01,sat_p02_s01,44.0,RADAR,0.004677278487491502,0.0033793440914307994,0.0033793440914307994,0.1386838860148922,-0.00842936606281297,False
1,sat_p03_s01,sat_p04_s01,44.0,RADAR,0.004725416035562145,0.003425700307084991,0.003425700307084991,0.13866746578250594,0.11961899745420301,True
1,sat_p03_s01,sat_p02_s01,46.0,RADAR,0.004559390323415007,0.0033213894452153044,0.0033213894452153044,0.13753832635298638,-0.024119416497072388,False
1,sat_p03_s01,sat_p04_s01,46.0,RADAR,0.004616938540232293,0.003374519928375173,0.003374519928375173,0.13752124246075206,0.17846946987056211,True
1,sat_p03_s01,sat_p02_s01,48.0,RADAR,0.0044683501464443,0.003275160829737289,0.003275160829737289,0.1366794088744667,0.004227532086437336,True
1,sat_p03_s01,sat_p04_s01,48.0,RADAR,0.0045351265756433745,0.003335028724183875,0.003335028724183875,0.13666172799905904,0.14405654986639727,True
1,sat_p03_s01,sat_p02_s01,50.0,RADAR,0.004399933010883752,0.003239317784508247,0.003239317784508247,0.13605426975074345,0.01707963526720513,True
1,sat_p03_s01,sat_p04_s01,50.0,RADAR,0.004475765560268591,0.0033058560315533166,0.0033058560315533166,0.13603605967164267,-0.06281210748280763,False
1,sat_p03_s01,sat_p02_s01,52.0,RADAR,0.004350509517003196,0.0032126055393197728,0.0032126055393197728,0.13561663695146453,-0.010083479420144204,False
1,sat_p03_s01,sat_p04_s01,52.0,RADAR,0.004435212856617683,0.0032857099650985227,0.0032857099650985227,0.1355979657208183,0.018480985668820726,True
1,sat_p03_s01,sat_p02_s01,54.0,RADAR,0.0043169200154870545,0.0031938444359649707,0.0031938444359649707,0.1353260234889729,0.017002522341297954,True
1,sat_p03_s01,sat_p04_s01,54.0,RADAR,0.004410280954910798,0.003273371646589736,0.003273371646589736,0.13530696488644917,0.12976172034149425,True
1,sat_p03_s01,sat_p02_s01,56.0,RADAR,0.004296380775731228,0.003181922606977519,0.003181922606977519,0.1351470874007914,-0.024118630177858202,False
1,sat_p03_s01,sat_p04_s01,56.0,RADAR,0.00439815000310642,0.0032676910850619944,0.0032676910850619944,0.13512770665430685,-0.032114265104459694,False
1,sat_p03_s01,sat_p02_s01,58.0,RADAR,0.004286418810675987,0.0031757943586983107,0.0031757943586983107,0.13504910382062713,-0.03495835618998,False
1,sat_p03_s01,sat_p04_s01,58.0,RADAR,0.004396303737991447,0.0032675850408419916,0.0032675850408419916,0.13502946637095567,0.03210524678336313,True
1,sat_p03_s01,sat_p02_s01,60.0,RADAR,0.004284825155759404,0.003174480252104423,0.003174480252104423,0.1350055192793671,0.0031709830221322566,True
1,sat_p03_s01,sat_p04_s01,60.0,RADAR,0.004402489217121773,0.0032720406585016204,0.0032720406585016204,0.13498568504882966,-0.041530410078806757,False
1,sat_p03_s01,sat_p02_s01,62.0,RADAR,0.0042896223155785,0.0031770686007561925,0.0031770686007561925,0.13499356279176378,0.025196418247070085,True
1,sat_p03_s01,sat_p04_s01,62.0,RADAR,0.004414686149123767,0.003280117219299071,0.003280117219299071,0.13497359216312918,0.03387605408976668,True
1,sat_p03_s01,sat_p02_s01,64.0,RADAR,0.004299042506227617,0.0031827179517752843,0.0031827179517752834,0.13499389290665456,0.0042886741082279745,True
1,sat_p03_s01,sat_p04_s01,64.0,RADAR,0.004431091718286713,0.003290952462747105,0.003290952462747105,0.13497383619844258,-0.07229216571531016,False
1,sat_p03_s01,sat_p02_s01,66.0,RADAR,0.004311513196906954,0.003190659821781776,0.003190659821781776,0.1349902771394155,-0.02292894028086301,False
1,sat_p03_s01,sat_p04_s01,66.0,RADAR,0.004450102913220442,0.0033037619993577226,0.0033037619993577226,0.1349701818195285,0.09359378365806248,True
1,sat_p03_s01,sat_p02_s01,68.0,RADAR,0.00432564463021695,0.0032001991107767926,0.0032001991107767926,0.13496928888916535,0.006233877490336104,True
1,sat_p03_s01,sat_p04_s01,68.0,RADAR,0.004470309807335606,0.0033178431897615277,0.0033178431897615277,0.13494919163098543,0.09355852079441118,True
1,sat_p03_s01,sat_p02_s01,70.0,RADAR,0.004340221919397097,0.003210715213275118,0.003210715213275118,0.13492002241622297,-0.0034536230658168687,False
1,sat_p03_s01,sat_p04_s01,70.0,RADAR,0.004490486703639403,0.003332574890302991,0.003332574890302991,0.13489995801934326,0.037218433697262965,True
1,sat_p03_s01,sat_p02_s01,72.0,RADAR,0.004354197401945483,0.00322166161289292,0.00322166161289292,0.13483382344679187,-0.001833419917760093,False
1,sat_p03_s01,sat_p04_s01,72.0,RADAR,0.004509580372991674,0.003347413490392332,0.003347413490392332,0.13481381394463823,0.11611056098913353,True
1,sat_p03_s01,sat_p02_s01,74.0,RADAR,0.004366682888401724,0.0032325642628017416,0.0032325642628017416,0.13470403254893612,-0.006141278283880558,False
1,sat_p03_s01,sat_p04_s01,74.0,RADAR,0.004526708229239553,0.0033618953344709706,0.0033618953344709706,0.13468410066814024,-0.0007105350593830106,False
1,sat_p03_s01,sat_p02_s01,76.0,RADAR,0.004376940779138581,0.003243018574872072,0.003243018574872072,0.13452574398940637,0.012917476241690817,True
1,sat_p03_s01,sat_p04_s01,76.0,RADAR,0.0045411436942471685,0.003375629220650635,0.003375629220650635,0.13450590017044142,0.028393296715342298,True
1,sat_p03_s01,sat_p02_s01,78.0,RADAR,0.004384374643624228,0.0032526857253529326,0.0032526857253529326,0.13429557902728376,0.010064727232308002,True
1,sat_p03_s01,sat_p04_s01,78.0,RADAR,0.004552306984613942,0.0033882927542298346,0.0033882927542298346,0.1342758301730627,0.1203013528482203,True
1,sat_p03_s01,sat_p02_s01,80.0,RADAR,0.004388519584588642,0.0032612887885217845,0.003261288788521785,0.13401147562149815,-0.01878355431375034,False
1,sat_p03_s01,sat_p04_s01,80.0,RADAR,0.004559754269096823,0.003399627576650376,0.003399627576650375,0.13399182440585736,0.023807257951861227,True
1,sat_p03_s01,sat_p02_s01,82.0,RADAR,0.004389030554186912,0.003268607383987645,0.003268607383987646,0.1336724929982839,-0.00456538500469561,False
1,sat_p03_s01,sat_p04_s01,82.0,RADAR,0.004563165244088722,0.0034094335170341793,0.0034094335170341793,0.13365293413562127,0.09603564025607092,True
1,sat_p03_s01,sat_p02_s01,84.0,RADAR,0.004385671511349841,0.003274473077100992,0.003274473077100992,0.13327863370621623,-0.019620384138836044,False
1,sat_p03_s01,sat_p04_s01,84.0,RADAR,0.004562331955294904,0.003417563859279386,0.003417563859279386,0.13325916041164196,-0.007625636620003595,False
1,sat_p03_s01,sat_p02_s01,86.0,RADAR,0.00437830183737898,0.0032787627983378604,0.0032787627983378604,0.13283068198340264,-0.024320978106258773,False
1,sat_p03_s01,sat_p04_s01,86.0,RADAR,0.00455714190609362,0.003423916420780068,0.003423916420780068,0.13281128149081264,-0.025860864424124497,False
1,sat_p03_s01,sat_p02_s01,88.0,RADAR,0.004366865291851012,0.00328139419529194,0.00328139419529194,0.13233005874272885,-0.006621676831277679,False
1,sat_p03_s01,sat_p04_s01,88.0,RADAR,0.004547567024064133,0.003428429058149581,0.003428429058149581,0.13231071370737107,0.023623592097305357,True
1,sat_p03_s01,sat_p02_s01,90.0,RADAR,0.004351378437976655,0.0032823205414354655,0.003282320541435466,0.13177869250296292,-0.021307256256873908,False
1,sat_p03_s01,sat_p04_s01,90.0,RADAR,0.004533653689188524,0.0034310759365790713,0.0034310759365790713,0.13175938724065683,0.004746316642976867,True
1,sat_p03_s01,sat_p02_s01,92.0,RADAR,0.004331917903715584,0.00328152467164032,0.003281524671640319,0.13117890542810406,0.0210858500502209,True
1,sat_p03_s01,sat_p04_s01,92.0,RADAR,0.004515504189762301,0.003431857219520489,0.003431857219520489,0.1311596146430119,0.0013978994530625677,True
1,sat_p03_s01,sat_p02_s01,94.0,RADAR,0.004308611154872376,0.0032790153748852523,0.0032790153748852523,0.1305333150770578,-0.048616029365199154,False
1,sat_p03_s01,sat_p04_s01,94.0,RADAR,0.004493273707250711,0.003430800286236426,0.003430800286236426,0.13051401149596056,0.03433508274561803,True
1,sat_p03_s01,sat_p02_s01,96.0,RADAR,0.004281624842335142,0.0032748217331477424,0.0032748217331477424,0.12984474756908596,0.014331598176668292,True
1,sat_p03_s01,sat_p04_s01,96.0,RADAR,0.004467152908145473,0.0034279498137314724,0.0034279498137314724,0.1298254028629006,-0.023612133337688412,False
1,sat_p03_s01,sat_p02_s01,98.0,RADAR,0.0042511574004960246,0.0032689903614942827,0.0032689903614942827,0.12911616574816245,0.024202245481872442,True
1,sat_p03_s01,sat_p04_s01,98.0,RADAR,0.004437361584088858,0.0034233658781392426,0.0034233658781392426,0.1290967520381654,0.039485633884906335,True
1,sat_p03_s01,sat_p02_s01,100.0,RADAR,0.004217430310828902,0.003261581395657767,0.003261581395657767,0.12835060700126402,-0.002625961013730471,False
1,sat_p03_s01,sat_p04_s01,100.0,RADAR,0.004404143264264056,0.003417122588269705,0.003417122588269705,0.12833109532776915,0.0667695613253223,True
1,sat_p03_s01,sat_p02_s01,102.0,RADAR,0.004180680029122041,0.0032526646017344415,0.0032526646017344415,0.12755113258037798,-0.0180109509415336,False
1,sat_p03_s01,sat_p04_s01,102.0,RADAR,0.004367752615567906,0.0034093007649370756,0.0034093007649370747,0.12753148679292622,0.027170107303425728,True
1,sat_p03_s01,sat_p02_s01,104.0,RADAR,0.004141154094602702,0.0032423183813798675,0.0032423183813798675,0.12672078457082867,-0.006614513171439129,False
1,sat_p03_s01,sat_p04_s01,104.0,RADAR,0.004328455004201972,0.0033999896612484748,0.0033999896612484748,0.12670097567350402,0.03587294344816394,True
1,sat_p03_s01,sat_p02_s01,106.0,RADAR,0.004099103547157266,0.0032306256362966616,0.0032306256362966616,0.1258625523022349,0.010114015789186137,True
1,sat_p03_s01,sat_p04_s01,106.0,RADAR,0.004286517817884729,0.0033892820104663435,0.0033892820104663435,0.1258425478420895,0.024647485320226425,True
1,sat_p03_s01,sat_p02_s01,108.0,RADAR,0.004054779881416336,0.003217672785737097,0.003217672785737097,0.12497934513059092,0.03840110804027541,True
1,sat_p03_s01,sat_p04_s01,108.0,RADAR,0.004242201766601358,0.003377268571234888,0.003377268571234888,0.12495911424638555,0.020033623870525208,True
1,sat_p03_s01,sat_p02_s01,110.0,RADAR,0.004008431018365935,0.003203547761098738,0.003203547761098738,0.12407397185035712,-0.0265469481911641,False
1,sat_p03_s01,sat_p04_s01,110.0,RADAR,0.004195771772498845,0.0033640479330632567,0.0033640479330632567,0.12405348086133634,0.016837789827818028,True
1,sat_p03_s01,sat_p02_s01,112.0,RADAR,0.003960298591037627,0.003188338792070867,0.003188338792070867,0.12314912497965258,0.022690973857205643,True
1,sat_p03_s01,sat_p04_s01,112.0,RADAR,0.00414747675812699,0.0033497114352160633,0.0033497114352160633,0.12312834623710718,-0.019803569684307076,False
1,sat_p03_s01,sat_p02_s01,114.0,RADAR,0.003910615912824278,0.0031721334139430926,0.0031721334139430926,0.12220736910136798,-0.002626030731700313,False
1,sat_p03_s01,sat_p04_s01,114.0,RADAR,0.004097560936079363,0.0033343527631370068,0.0033343527631370068,0.12218626321630296,0.011248981692398408,True
1,sat_p03_s01,sat_p02_s01,116.0,RADAR,0.003859605735389832,0.0031550171897774264,0.0031550171897774264,0.12125113412858926,0.027967376900690066,True
1,sat_p03_s01,sat_p04_s01,116.0,RADAR,0.0040462542863444,0.003318060836257309,0.003318060836257309,0.12122966987491689,0.005433843316640541,True
1,sat_p03_s01,sat_p02_s01,118.0,RADAR,0.0038074790949087674,0.003137073035431053,0.003137073035431053,0.12028271034214554,-0.004472298559073273,False
1,sat_p03_s01,sat_p04_s01,118.0,RADAR,0.003993774800559526,0.003300921848741684,0.003300921848741684,0.12026085090470642,0.02978205024930003,True
1,sat_p03_s01,sat_p02_s01,120.0,RADAR,0.0037544347034052824,0.0031183808727366113,0.0031183808727366113,0.11930424714912953,0.03246071321595756,True
1,sat_p03_s01,sat_p04_s01,120.0,RADAR,0.003940329107085658,0.003283019961396626,0.003283019961396626,0.1192819619085965,0.010640052701971214,True
2,sat_p03_s01,sat_p02_s01,0.0,RADAR,3.3407890650714234,0.13486894711504205,0.13486894711504205,2.0630325298004015,-0.9236001396970208,False
2,sat_p03_s01,sat_p04_s01,0.0,RADAR,2.6516733371369963,0.12373746576738792,0.12373746576738792,2.0630329998816657,0.7307512182219105,True
2,sat_p03_s01,sat_p02_s01,2.0,RADAR,0.40456509673211516,0.03729096995832453,0.03729096995832453,1.0760908488628975,0.9238662443415406,True
2,sat_p03_s01,sat_p04_s01,2.0,RADAR,0.39047424048400936,0.03738631958951894,0.03738631958951894,1.076090942863536,0.13914602952389465,True
2,sat_p03_s01,sat_p02_s01,4.0,RADAR,0.16080052416514976,0.022240089324283,0.022240089324283,0.728220246825578,0.22559425302928693,True
2,sat_p03_s01,sat_p04_s01,4.0,RADAR,0.15629351500180938,0.022108428301009477,0.022108428301009477,0.7282199230322239,0.12119081203381477,True
2,sat_p03_s01,sat_p02_s01,6.0,RADAR,0.08751753738620881,0.01603770142009314,0.01603770142009314,0.5508104992094971,-0.0914631656883591,False
2,sat_p03_s01,sat_p04_s01,6.0,RADAR,0.08536884426715514,0.015898934947398122,0.015898934947398122,0.5508096997403236,-0.005688079305543159,False
2,sat_p03_s01,sat_p02_s01,8.0,RADAR,0.055542028704654266,0.01263396223122832,0.01263396223122832,0.44351011727264317,-0.026760199383461636,False
2,sat_p03_s01,sat_p04_s01,8.0,RADAR,0.05433022334552945,0.012516450459263176,0.012516450459263176,0.44350878129073557,-0.011240680367484934,False
2,sat_p03_s01,sat_p02_s01,10.0,RADAR,0.038664353933292865,0.010476870110928519,0.010476870110928519,0.37187869452149225,-0.06860974769644601,False
2,sat_p03_s01,sat_p04_s01,10.0,RADAR,0.03790593761756868,0.010380114208865279,0.010380114208865279,0.3718767613668608,-0.0018081805566914078,False
2,sat_p03_s01,sat_p02_s01,12.0,RADAR,0.028649748142712376,0.008985447698889256,0.008985447698889256,0.32090456083901586,0.053291141635583905,True
2,sat_p03_s01,sat_p04_s01,12.0,RADAR,0.028139738836263938,0.008905513666451313,0.008905513666451313,0.3209019716468044,-0.00813743513547216,False
2,sat_p03_s01,sat_p02_s01,14.0,RADAR,0.02221584406471769,0.007892182505042424,0.007892182505042424,0.2829962542313192,0.08575327486782647,True
2,sat_p03_s01,sat_p04_s01,14.0,RADAR,0.021854885634261148,0.007825714425733061,0.007825714425733061,0.28299295250379886,-0.01464158736680532,False
2,sat_p03_s01,sat_p02_s01,16.0,RADAR,0.017837923106525207,0.007056452472442309,0.007056452472442309,0.2539003246386725,0.05890339955089252,True
2,sat_p03_s01,sat_p04_s01,16.0,RADAR,0.01757305773608854,0.007001078324607274,0.007001078324607276,0.25389625714365127,-0.03712771622883859,False
2,sat_p03_s01,sat_p02_s01,18.0,RADAR,0.014727170249738944,0.0063971986092724855,0.0063971986092724855,0.23104654492221308,0.004115668862577637,True
2,sat_p03_s01,sat_p04_s01,18.0,RADAR,0.014528071740739022,0.006351345208200248,0.006351345208200248,0.23104166329704476,-0.045788616272381066,False
2,sat_p03_s01,sat_p02_s01,20.0,RADAR,0.012441414256564861,0.005864452542023008,0.005864452542023008,0.21278836504536894,-0.09519821214937796,False
2,sat_p03_s01,sat_p04_s01,20.0,RADAR,0.012289664845676337,0.005827096126941943,0.005827096126941943,0.2127826268493046,-0.006272502779914202,False
2,sat_p03_s01,sat_p02_s01,22.0,RADAR,0.010716849854806504,0.005425795050416016,0.005425795050416016,0.19802029438087168,-0.12259835387218909,False
2,sat_p03_s01,sat_p04_s01,22.0,RADAR,0.010600722975232726,0.005396280951726767,0.005396280951726767,0.1980136631884986,0.02715426974039592,True
2,sat_p03_s01,sat_p02_s01,24.0,RADAR,0.00938804818038175,0.005059344783795942,0.005059344783795942,0.18597066214735536,0.05400287974604412,True
2,sat_p03_s01,sat_p04_s01,24.0,RADAR,0.009299765257672067,0.00503725335086342,0.00503725335086342,0.1859631092797136,0.012429734056788266,True
2,sat_p03_s01,sat_p02_s01,26.0,RADAR,0.008346932761876398,0.004749851663650571,0.004749851663650571,0.17608265049002023,-0.07749918858781912,False
2,sat_p03_s01,sat_p04_s01,26.0,RADAR,0.008281161245554726,0.0047349144814209385,0.0047349144814209385,0.1760741537276914,-0.11087519785299182,False
2,sat_p03_s01,sat_p02_s01,28.0,RADAR,0.007520440930198177,0.004486404661276124,0.004486404661276124,0.16794266946874467,0.10293649056557097,True
2,sat_p03_s01,sat_p04_s01,28.0,RADAR,0.007473427579259865,0.004478450625639144,0.004478450625639144,0.16793321711912781,-0.046597307879121974,False
2,sat_p03_s01,sat_p02_s01,30.0,RADAR,0.006857706762029203,0.004261008482802374,0.004261008482802374,0.16123549893409359,-0.039502419419903845,False
2,sat_p03_s01,sat_p04_s01,30.0,RADAR,0.006826754403197369,0.004259928106753447,0.004259928106753447,0.1612250886003392,-0.05413576004599685,False
2,sat_p03_s01,sat_p02_s01,32.0,RADAR,0.006322404123439448,0.0040676735458233795,0.0040676735458233795,0.15571524716411075,0.03242618732477398,True
2,sat_p03_s01,sat_p04_s01,32.0,RADAR,0.006305551849978631,0.004073400632773543,0.004073400632773543,0.15570388542618668,-0.04121721111175791,False
2,sat_p03_s01,sat_p02_s01,34.0,RADAR,0.005887996150985226,0.003901811335560722,0.003901811335560722,0.15118602293164018,-0.03261359788542295,False
2,sat_p03_s01,sat_p04_s01,34.0,RADAR,0.005883809519253513,0.003914310006558186,0.003914310006558186,0.1511737266217817,-0.08700610561535949,False
2,sat_p03_s01,sat_p02_s01,36.0,RADAR,0.005534691524190257,0.003759820798669508,0.003759820798669508,0.14748876725993318,-0.07399617573689765,False
2,sat_p03_s01,sat_p04_s01,36.0,RADAR,0.00554212239963524,0.0037790775159231536,0.0037790775159231536,0.14747556077322718,-0.09196662450834747,False
2,sat_p03_s01,sat_p02_s01,38.0,RADAR,0.005247448093061095,0.0036388057455053976,0.0036388057455053976,0.14449210595103554,-0.16042316758776698,False
2,sat_p03_s01,sat_p04_s01,38.0,RADAR,0.005265735891826202,0.003664822991414569,0.003664822991414569,0.14447802282326638,0.050733869012804855,True
2,sat_p03_s01,sat_p02_s01,40.0,RADAR,0.005014616290283836,0.0035363690792588457,0.0035363690792588457,0.14208589137836342,-0.05622597911503857,False
2,sat_p03_s01,sat_p04_s01,40.0,RADAR,0.005043212982239608,0.003569157794690994,0.003569157794690994,0.14207097622455658,0.05460983398476693,True
2,sat_p03_s01,sat_p02_s01,42.0,RADAR,0.0048270156919631504,0.0034504747625618967,0.0034504747625618967,0.14017658025176824,0.058443944265695436,True
2,sat_p03_s01,sat_p04_s01,42.0,RADAR,0.004865527400968524,0.0034900463512299255,0.0034900463512299255,0.1401608823525787,0.08687809769275723,True
2,sat_p03_s01,sat_p02_s01,44.0,RADAR,0.00467727882472784,0.003379344465933637,0.003379344465933637,0.13868388623232916,0.032373434428316195,True
2,sat_p03_s01,sat_p04_s01,44.0,RADAR,0.004725419038289854,0.003425702617849972,0.003425702617849972,0.13866746112475162,-0.09152350198461012,False
2,sat_p03_s01,sat_p02_s01,46.0,RADAR,0.004559390635426683,0.0033213898080657893,0.0033213898080657893,0.137538326475911,0.02987782561857011,True
2,sat_p03_s01,sat_p04_s01,46.0,RADAR,0.004616941030893671,0.003374521887755122,0.003374521887755122,0.13752123826166107,-0.05227838570039012,False
2,sat_p03_s01,sat_p02_s01,48.0,RADAR,0.004468351039155154,0.003275161619283335,0.003275161619283335,0.13667940920965888,-0.03297847293992762,False
2,sat_p03_s01,sat_p04_s01,48.0,RADAR,0.004535129859897576,0.003335031279680148,0.003335031279680148,0.13666172314634786,-0.05714316338205183,False
2,sat_p03_s01,sat_p02_s01,50.0,RADAR,0.004399933475703881,0.003239318267550783,0.003239318267550783,0.13605427028711634,-0.037324707900994625,False
2,sat_p03_s01,sat_p04_s01,50.0,RADAR,0.004475768730796663,0.003305858518672538,0.003305858518672538,0.1360360543428022,-0.08538865616741842,False
2,sat_p03_s01,sat_p02_s01,52.0,RADAR,0.004350509875034576,0.003212605946413529,0.003212605946413529,0.13561663720245243,0.041725405647777825,True
2,sat_p03_s01,sat_p04_s01,52.0,RADAR,0.0044352153358961114,0.003285711949103496,0.003285711949103496,0.1355979644682083,-0.017389316825042078,False
2,sat_p03_s01,sat_p02_s01,54.0,RADAR,0.004316920040730011,0.003193844591577421,0.003193844591577421,0.1353260240401053,-0.04225021698996678,False
2,sat_p03_s01,sat_p04_s01,54.0,RADAR,0.004410282737228284,0.0032733731103079455,0.0032733731103079455,0.13530696160480804,-0.045249816851987035,False
2,sat_p03_s01,sat_p02_s01,56.0,RADAR,0.004296381024507063,0.003181922924990488,0.003181922924990488,0.13514708788742497,-0.04656048513481692,False
2,sat_p03_s01,sat_p04_s01,56.0,RADAR,0.004398151782586274,0.0032676925455776937,0.0032676925455776937,0.13512770688463493,-0.08024747113370956,False
2,sat_p03_s01,sat_p02_s01,58.0,RADAR,0.004286419276220896,0.0031757948320502993,0.0031757948320502993,0.13504910460394726,-0.10407491177556605,False
2,sat_p03_s01,sat_p04_s01,58.0,RADAR,0.004396305113005464,0.0032675861965262326,0.0032675861965262326,0.13502946793731588,-0.04328340150206689,False
2,sat_p03_s01,sat_p02_s01,60.0,RADAR,0.004284825267076799,0.003174480461879871,0.003174480461879871,0.13500552051084577,0.10204840000312199,True
2,sat_p03_s01,sat_p04_s01,60.0,RADAR,0.004402489471537842,0.0032720409794952557,0.0032720409794952557,0.13498569064045132,0.16191581160220725,True
2,sat_p03_s01,sat_p02_s01,62.0,RADAR,0.0042896225749377405,0.0031770689098054366,0.0031770689098054366,0.13499356378016997,-0.009736219874193375,False
2,sat_p03_s01,sat_p04_s01,62.0,RADAR,0.004414687253822701,0.0032801181618594905,0.00328011816185949,0.1349735949369258,-0.05100874649217435,False
2,sat_p03_s01,sat_p02_s01,64.0,RADAR,0.004299043275457952,0.00318271863082703,0.00318271863082703,0.1349938941530635,0.010034080601036388,True
2,sat_p03_s01,sat_p04_s01,64.0,RADAR,0.0044310931568309975,0.003290953646681606,0.003290953646681606,0.13497383898761672,0.0020397087295795924,True
2,sat_p03_s01,sat_p02_s01,66.0,RADAR,0.0043115139123575,0.0031906604577874092,0.0031906604577874092,0.13499027809722003,0.055699216039013955,True
2,sat_p03_s01,sat_p04_s01,66.0,RADAR,0.004450105012063994,0.0033037636699757202,0.0033037636699757202,0.1349701837563579,-0.00234181509579634,False
2,sat_p03_s01,sat_p02_s01,68.0,RADAR,0.004325644953124151,0.0032001994507047564,0.0032001994507047564,0.13496928971174613,-0.04410173632406034,False
2,sat_p03_s01,sat_p04_s01,68.0,RADAR,0.0044703121941180955,0.0033178450671008165,0.0033178450671008165,0.13494919637624803,-0.045305769831721854,False
2,sat_p03_s01,sat_p02_s01,70.0,RADAR,0.004340222351282838,0.003210715628305497,0.003210715628305497,0.13492002301915862,0.014061234146243828,True
2,sat_p03_s01,sat_p04_s01,70.0,RADAR,0.004490488753685116,0.0033325765122792813,0.0033325765122792813,0.13489996091482845,0.04523040690976554,True
2,sat_p03_s01,sat_p02_s01,72.0,RADAR,0.004354197925253049,0.003221662093627596,0.003221662093627596,0.1348338242527581,-0.017933774690832127,False
2,sat_p03_s01,sat_p04_s01,72.0,RADAR,0.0045095827667707275,0.0033474153660751674,0.0033474153660751674,0.1348138173181703,-0.023274650680454423,False
2,sat_p03_s01,sat_p02_s01,74.0,RADAR,0.004366683497487308,0.003232564804096775,0.003232564804096775,0.13470403301960338,-0.025485630310436713,False
2,sat_p03_s01,sat_p04_s01,74.0,RADAR,0.004526710747893658,0.003361897300869069,0.003361897300869069,0.13468409917301294,0.013014694870638888,True
2,sat_p03_s01,sat_p02_s01,76.0,RADAR,0.004376941179093884,0.0032430189584447618,0.0032430189584447618,0.13452574422219749,-0.0718565315595372,False
2,sat_p03_s01,sat_p04_s01,76.0,RADAR,0.004541145596133981,0.0033756307265044583,0.0033756307265044583,0.13450589951949762,0.038527349062619676,True
2,sat_p03_s01,sat_p02_s01,78.0,RADAR,0.004384374864089874,0.003252685976592364,0.003252685976592364,0.1342955792174382,0.02788500599681809,True
2,sat_p03_s01,sat_p04_s01,78.0,RADAR,0.004552309070358302,0.0033882943988438646,0.0033882943988438646,0.1342758310070447,0.044395025088426854,True
2,sat_p03_s01,sat_p02_s01,80.0,RADAR,0.004388519775390785,0.003261289015938632,0.003261289015938632,0.13401147572119024,-0.02037680126404018,False
2,sat_p03_s01,sat_p04_s01,80.0,RADAR,0.004559756265996037,0.0033996291555152816,0.0033996291555152816,0.1339918238586495,-0.014249470987107049,False
2,sat_p03_s01,sat_p02_s01,82.0,RADAR,0.004389030969336847,0.0032686077771616633,0.0032686077771616633,0.13367249307294565,-0.09236602392574111,False
2,sat_p03_s01,sat_p04_s01,82.0,RADAR,0.004563167215522301,0.0034094350789855695,0.0034094350789855695,0.13365293328104844,-0.02193834310494469,False
2,sat_p03_s01,sat_p02_s01,84.0,RADAR,0.004385671746896888,0.0032744733344085386,0.0032744733344085386,0.13327863369447498,-0.02254901586581648,False
2,sat_p03_s01,sat_p04_s01,84.0,RADAR,0.004562332893656404,0.0034175646480719803,0.0034175646480719803,0.1332591593194952,0.029454607900543883,True
2,sat_p03_s01,sat_p02_s01,86.0,RADAR,0.00437830209049793,0.0032787630630225738,0.0032787630630225738,0.13283068176790416,-0.03923814409384918,False
2,sat_p03_s01,sat_p04_s01,86.0,RADAR,0.004557141894034317,0.0034239164910874298,0.0034239164910874298,0.13281128188487057,-0.006212180181809801,False
2,sat_p03_s01,sat_p02_s01,88.0,RADAR,0.004366865890842434,0.003281394715407473,0.003281394715407473,0.132330058719761,0.05474768149830345,True
2,sat_p03_s01,sat_p04_s01,88.0,RADAR,0.004547567868692691,0.0034284297698601164,0.0034284297698601164,0.13231071375546766,0.01979036012282931,True
2,sat_p03_s01,sat_p02_s01,90.0,RADAR,0.004351379211557802,0.003282321187538078,0.003282321187538078,0.13177869241698512,-0.042800825112384366,False
2,sat_p03_s01,sat_p04_s01,90.0,RADAR,0.00453365446614796,0.0034310765922201587,0.0034310765922201595,0.13175938018286026,0.08084549781467953,True
2,sat_p03_s01,sat_p02_s01,92.0,RADAR,0.00433191882337169,0.0032815254300060225,0.0032815254300060225,0.13117890542560137,-0.06129272712535605,False
2,sat_p03_s01,sat_p04_s01,92.0,RADAR,0.00451550533171958,0.003431858154570437,0.003431858154570437,0.13115960661647877,-0.0018373348458389227,False
2,sat_p03_s01,sat_p02_s01,94.0,RADAR,0.004308612005761824,0.0032790160859381915,0.0032790160859381915,0.13053331476981075,-0.07608923878035512,False
2,sat_p03_s01,sat_p04_s01,94.0,RADAR,0.00449327435014716,0.003430800845995125,0.0034308008459951254,0.13051400701910396,-0.0231086539069274,False
2,sat_p03_s01,sat_p02_s01,96.0,RADAR,0.004281625729615245,0.0032748224692206542,0.0032748224692206542,0.12984474720338698,-0.000773040402301417,False
2,sat_p03_s01,sat_p04_s01,96.0,RADAR,0.004467153391216425,0.003427950247073986,0.003427950247073986,0.12982539598737144,-0.010104547088758853,False
2,sat_p03_s01,sat_p02_s01,98.0,RADAR,0.004251158342820442,0.003268991140188302,0.003268991140188302,0.12911616537577747,-0.008462658299166925,False
2,sat_p03_s01,sat_p04_s01,98.0,RADAR,0.00443736239603308,0.003423366563851578,0.003423366563851578,0.12909674437288743,0.005176055212930519,True
2,sat_p03_s01,sat_p02_s01,100.0,RADAR,0.0042174308049363835,0.0032615818312759916,0.0032615818312759916,0.12835060700272838,-0.0029810198318115377,False
2,sat_p03_s01,sat_p04_s01,100.0,RADAR,0.004404143342260813,0.003417122706327566,0.003417122706327566,0.12833108911949173,0.029462792969708884,True
2,sat_p03_s01,sat_p02_s01,102.0,RADAR,0.004180680678447502,0.0032526651578276664,0.003252665157827666,0.1275511325190926,-0.004324808279555725,False
2,sat_p03_s01,sat_p04_s01,102.0,RADAR,0.0043677537006562685,0.003409301667172128,0.003409301667172128,0.12753148432640662,-0.00040270847706769253,False
2,sat_p03_s01,sat_p02_s01,104.0,RADAR,0.004141154663377214,0.0032423188757369293,0.0032423188757369297,0.12672078453822036,-0.0005188598348327966,False
2,sat_p03_s01,sat_p04_s01,104.0,RADAR,0.004328455698470669,0.003399990259700249,0.003399990259700249,0.12670097304401295,0.013829003730563061,True
2,sat_p03_s01,sat_p02_s01,106.0,RADAR,0.004099104096460634,0.003230626111831255,0.003230626111831255,0.12586255222425294,0.0004997812395468593,True
2,sat_p03_s01,sat_p04_s01,106.0,RADAR,0.004286517702010417,0.0033892819651682162,0.0033892819651682162,0.12584254557249847,-0.005547965206068928,False
2,sat_p03_s01,sat_p02_s01,108.0,RADAR,0.004054780511907946,0.003217673324537069,0.003217673324537069,0.12497934500647885,-0.0021004885395450312,False
2,sat_p03_s01,sat_p04_s01,108.0,RADAR,0.004242203127667218,0.0033772696970028153,0.0033772696970028153,0.12495911165554954,0.005310826241826994,True
2,sat_p03_s01,sat_p02_s01,110.0,RADAR,0.00400843160378952,0.003203548272249206,0.003203548272249206,0.12407397179341814,0.0005494320162530153,True
2,sat_p03_s01,sat_p04_s01,110.0,RADAR,0.004195771639357035,0.0033640478734858503,0.0033640478734858503,0.12405348652080847,-0.001629067195282774,False
2,sat_p03_s01,sat_p02_s01,112.0,RADAR,0.003960299197141745,0.0031883393169318437,0.0031883393169318437,0.12314912481849351,2.7788204486345336e-06,True
2,sat_p03_s01,sat_p04_s01,112.0,RADAR,0.004147477209945424,0.003349711840660361,0.003349711840660361,0.12312834951949389,0.0055133807601812634,True
2,sat_p03_s01,sat_p02_s01,114.0,RADAR,0.003910616414019647,0.0031721338563828676,0.0031721338563828676,0.122207369017281,-0.0018154538018489985,False
2,sat_p03_s01,sat_p04_s01,114.0,RADAR,0.0040975609961297465,0.003334352851208138,0.003334352851208138,0.12218626871557735,0.03127483480349369,True
2,sat_p03_s01,sat_p02_s01,116.0,RADAR,0.003859606284439298,0.0031550176725163416,0.0031550176725163416,0.1212511339422779,-0.002810303283178328,False
2,sat_p03_s01,sat_p04_s01,116.0,RADAR,0.004046254493691397,0.0033180610435693254,0.0033180610435693254,0.12122967693724293,0.013342476453116703,True
2,sat_p03_s01,sat_p02_s01,118.0,RADAR,0.0038074794833179416,0.003137073388336891,0.003137073388336891,0.12028271015345052,0.005621101408118445,True
2,sat_p03_s01,sat_p04_s01,118.0,RADAR,0.003993775521258719,0.003300922480184133,0.003300922480184133,0.12026086665897157,-0.014239400964167093,False
2,sat_p03_s01,sat_p02_s01,120.0,RADAR,0.003754435303411013,0.0031183814020178512,0.0031183814020178512,0.11930424698787767,-0.003247148756720275,False
2,sat_p03_s01,sat_p04_s01,120.0,RADAR,0.003940329571064318,0.0032830203822770063,0.0032830203822770063,0.11928198087206379,-0.014177825226774354,False
3,sat_p03_s01,sat_p02_s01,0.0,RADAR,3.3407890073654674,0.1348689447853808,0.1348689447853808,2.06303252979459,0.06353118402312496,True
3,sat_p03_s01,sat_p04_s01,0.0,RADAR,2.6516710318822856,0.12373735786189696,0.12373735786189696,2.06303299986607,0.09480461945578611,True
3,sat_p03_s01,sat_p02_s01,2.0,RADAR,0.4045649851329299,0.03729095760705962,0.03729095760705962,1.076090848783032,0.0064312918080600134,True
3,sat_p03_s01,sat_p04_s01,2.0,RADAR,0.39047377885395373,0.037386272840827635,0.037386272840827635,1.0760909428448526,-0.7194224215949472,False
3,sat_p03_s01,sat_p02_s01,4.0,RADAR,0.1608004164714884,0.022240072863230688,0.022240072863230688,0.7282202465945906,0.22092545993139368,True
3,sat_p03_s01,sat_p04_s01,4.0,RADAR,0.15629346721479015,0.02210841961228498,0.02210841961228498,0.7282199230819497,0.016734027486409175,True
3,sat_p03_s01,sat_p02_s01,6.0,RADAR,0.08751749070344235,0.01603769180501903,0.01603769180501903,0.5508104989902696,-0.13534326726815404,False
3,sat_p03_s01,sat_p04_s01,6.0,RADAR,0.08536882599904182,0.015898930338596157,0.015898930338596157,0.5508096999039204,-0.1338014567397643,False
3,sat_p03_s01,sat_p02_s01,8.0,RADAR,0.055542027778554715,0.012633961269961786,0.012633961269961786,0.44351011700275145,0.2303664640174823,True
3,sat_p03_s01,sat_p04_s01,8.0,RADAR,0.054330236940469935,0.012516452835415536,0.012516452835415536,0.4435087818275824,-0.23570798210476918,False
3,sat_p03_s01,sat_p02_s01,10.0,RADAR,0.03866434013917053,0.010476865903795683,0.010476865903795683,0.3718786942244187,0.032670304140666406,True
3,sat_p03_s01,sat_p04_s01,10.0,RADAR,0.03790596286256106,0.01038012061278068,0.01038012061278068,0.3718767618681165,-0.1348387604638983,False
3,sat_p03_s01,sat_p02_s01,12.0,RADAR,0.028649744150728424,0.008985446138727723,0.008985446138727723,0.32090456066630413,-0.038944061822970166,False
3,sat_p03_s01,sat_p04_s01,12.0,RADAR,0.028139760401602806,0.00890552017190323,0.00890552017190323,0.320901972193456,-0.023878959023915236,False
3,sat_p03_s01,sat_p02_s01,14.0,RADAR,0.022215844460979663,0.007892182455494142,0.007892182455494142,0.28299625397183065,-0.015025734257496648,False
3,sat_p03_s01,sat_p04_s01,14.0,RADAR,0.02185490413083975,0.007825720859809114,0.007825720859809114,0.28299295315231954,-0.020295319989436233,False
3,sat_p03_s01,sat_p02_s01,16.0,RADAR,0.01783792493715044,0.007056453091064519,0.007056453091064519,0.2539003244518072,-0.037005931251285595,False
3,sat_p03_s01,sat_p04_s01,16.0,RADAR,0.01757307296670786,0.007001084292102177,0.007001084292102177,0.2538962583891873,0.0024879530160921703,True
3,sat_p03_s01,sat_p02_s01,18.0,RADAR,0.01472717524006702,0.0063972007307879835,0.0063972007307879835,0.2310465447249672,-0.0023760052584744784,False
3,sat_p03_s01,sat_p04_s01,18.0,RADAR,0.014528082199998701,0.006351349748458117,0.006351349748458117,0.2310416647339331,0.018579638286576383,True
3,sat_p03_s01,sat_p02_s01,20.0,RADAR,0.012441418516479362,0.005864454544789522,0.005864454544789522,0.2127883650260277,0.009686523322808505,True
3,sat_p03_s01,sat_p04_s01,20.0,RADAR,0.012289673357769612,0.005827100169479815,0.005827100169479815,0.2127826281494033,0.007407358508972006,True
3,sat_p03_s01,sat_p02_s01,22.0,RADAR,0.010716853381853103,0.0054257968556593195,0.0054257968556593195,0.19802029438483817,-0.022082299168183717,False
3,sat_p03_s01,sat_p04_s01,22.0,RADAR,0.010600730613949247,0.005396284869439119,0.005396284869439119,0.19801366420101965,-0.0336001545304625,False
3,sat_p03_s01,sat_p02_s01,24.0,RADAR,0.009388049317817187,0.005059345436146163,0.005059345436146163,0.18597066229479295,0.0015383283907046685,True
3,sat_p03_s01,sat_p04_s01,24.0,RADAR,0.00929976877836565,0.005037255300362376,0.005037255300362376,0.18596310906972086,0.005215221459487607,True
3,sat_p03_s01,sat_p02_s01,26.0,RADAR,0.008346933136957316,0.00474985191879482,0.00474985191879482,0.17608265072693047,0.008273215406522372,True
3,sat_p03_s01,sat_p04_s01,26.0,RADAR,0.008281164499283704,0.004734916384589279,0.004734916384589279,0.17607415403219115,0.010079057613678,True
3,sat_p03_s01,sat_p02_s01,28.0,RADAR,0.00752044194364208,0.004486405305916833,0.004486405305916833,0.16794266987673262,0.0009079380250625047,True
3,sat_p03_s01,sat_p04_s01,28.0,RADAR,0.007473430795273569,0.004478452595723056,0.004478452595723056,0.1679332177151483,-0.0690194014753327,False
3,sat_p03_s01,sat_p02_s01,30.0,RADAR,0.006857706977388061,0.004261008652033213,0.004261008652033213,0.16123549959608757,0.00015971966215655442,True
3,sat_p03_s01,sat_p04_s01,30.0,RADAR,0.006826757774776721,0.004259930246768832,0.004259930246768832,0.16122508896472676,-0.038025389115579955,False
3,sat_p03_s01,sat_p02_s01,32.0,RADAR,0.006322403418545348,0.004067673124671594,0.004067673124671594,0.15571524802916722,0.0017220617443560737,True
3,sat_p03_s01,sat_p04_s01,32.0,RADAR,0.006305554848489371,0.004073402600500288,0.004073402600500288,0.15570388644628622,0.05956549506141573,True
3,sat_p03_s01,sat_p02_s01,34.0,RADAR,0.005887995098513077,0.0039018106673264627,0.0039018106673264627,0.15118602396084782,0.001542236290964949,True
3,sat_p03_s01,sat_p04_s01,34.0,RADAR,0.005883811807251092,0.003914311555367086,0.003914311555367086,0.15117372683445254,0.001584185614723399,True
3,sat_p03_s01,sat_p02_s01,36.0,RADAR,0.005534691587550108,0.0037598208664037045,0.0037598208664037045,0.14748876824393714,0.004202932095464851,True
3,sat_p03_s01,sat_p04_s01,36.0,RADAR,0.005542125120914966,0.003779079396592794,0.003779079396592794,0.14747556107627052,-0.03652573318928687,False
3,sat_p03_s01,sat_p02_s01,38.0,RADAR,0.005247448096040215,0.0036388057677602093,0.0036388057677602093,0.14449210660610629,0.008912032752500298,True
3,sat_p03_s01,sat_p04_s01,38.0,RADAR,0.00526573751793202,0.003664824143559429,0.003664824143559429,0.14447802376222765,-0.02205648683760031,False
3,sat_p03_s01,sat_p02_s01,40.0,RADAR,0.005014616621245538,0.0035363693295380042,0.0035363693295380042,0.14208589166698898,0.0007617936708395057,True
3,sat_p03_s01,sat_p04_s01,40.0,RADAR,0.00504321437058007,0.0035691587951742435,0.0035691587951742435,0.142070973868315,-0.08824681486474129,False
3,sat_p03_s01,sat_p02_s01,42.0,RADAR,0.004827015742517124,0.0034504748116621882,0.0034504748116621882,0.1401765805682772,0.0015425858302200446,True
3,sat_p03_s01,sat_p04_s01,42.0,RADAR,0.004865527318395439,0.0034900463052837667,0.0034900463052837667,0.14016088038269964,-0.020692232376372077,False
3,sat_p03_s01,sat_p02_s01,44.0,RADAR,0.004677278698527002,0.003379344381697917,0.003379344381697917,0.13868388620125355,0.008567808639451613,True
3,sat_p03_s01,sat_p04_s01,44.0,RADAR,0.004725419511098917,0.0034257029673642465,0.0034257029673642465,0.13866746176431938,0.0077804367241886,True
3,sat_p03_s01,sat_p02_s01,46.0,RADAR,0.004559390324088211,0.003321389583157234,0.003321389583157234,0.13753832630235893,0.008414466952279986,True
3,sat_p03_s01,sat_p04_s01,46.0,RADAR,0.004616942033067343,0.003374522621405405,0.003374522621405404,0.1375212370196623,-0.01200209990014256,False
3,sat_p03_s01,sat_p02_s01,48.0,RADAR,0.004468350287409654,0.0032751610663598408,0.0032751610663598408,0.13667940896701528,-0.004627809474426647,False
3,sat_p03_s01,sat_p04_s01,48.0,RADAR,0.004535129131601918,0.003335030740305356,0.003335030740305356,0.1366617220499463,0.004453904898332528,True
3,sat_p03_s01,sat_p02_s01,50.0,RADAR,0.004399932970519971,0.003239317885408987,0.003239317885408987,0.13605426994515998,0.0003981196608920934,True
3,sat_p03_s01,sat_p04_s01,50.0,RADAR,0.004475766696572741,0.0033058570044767256,0.0033058570044767256,0.13603605552524867,-0.039517285258784396,False
3,sat_p03_s01,sat_p02_s01,52.0,RADAR,0.00435050918341664,0.0032126054164229585,0.0032126054164229585,0.1356166371216993,-0.013980352914550964,False
3,sat_p03_s01,sat_p04_s01,52.0,RADAR,0.004435213784241916,0.0032857107781462504,0.0032857107781462504,0.13559796322442408,0.029012319929734187,True
3,sat_p03_s01,sat_p02_s01,54.0,RADAR,0.004316919667478595,0.003193844288028504,0.003193844288028504,0.13532602361289567,-0.0057957002992509166,False
3,sat_p03_s01,sat_p04_s01,54.0,RADAR,0.004410282068271191,0.00327337258471822,0.00327337258471822,0.13530696293767855,0.0022528122925095095,True
3,sat_p03_s01,sat_p02_s01,56.0,RADAR,0.004296380496726307,0.003181922501617001,0.003181922501617001,0.13514708787705945,0.015030238171263033,True
3,sat_p03_s01,sat_p04_s01,56.0,RADAR,0.0043981508618043084,0.003267691826704764,0.003267691826704764,0.13512770646850691,-0.027672455592853695,False
3,sat_p03_s01,sat_p02_s01,58.0,RADAR,0.004286418648335856,0.003175794326297559,0.003175794326297559,0.13504910445004792,-0.009031698484875283,False
3,sat_p03_s01,sat_p04_s01,58.0,RADAR,0.0043963040262681935,0.0032675853454160776,0.0032675853454160776,0.13502946644046376,-0.0007625303398395289,False
3,sat_p03_s01,sat_p02_s01,60.0,RADAR,0.00428482526859557,0.0031744804135425127,0.0031744804135425127,0.1350055204364971,0.0036086644710522364,True
3,sat_p03_s01,sat_p04_s01,60.0,RADAR,0.004402488642065732,0.003272040311869376,0.003272040311869376,0.13498568979116438,0.007548610175960757,True
3,sat_p03_s01,sat_p02_s01,62.0,RADAR,0.004289622367277043,0.00317706870555785,0.00317706870555785,0.13499356380067293,-0.003324933556613785,False
3,sat_p03_s01,sat_p04_s01,62.0,RADAR,0.00441468589714986,0.0032801171010959783,0.0032801171010959783,0.1349735945150722,0.021233686851100886,True
3,sat_p03_s01,sat_p02_s01,64.0,RADAR,0.004299042866303002,0.003182718276219185,0.003182718276219185,0.134993893892964,0.039791291659745404,True
3,sat_p03_s01,sat_p04_s01,64.0,RADAR,0.004431091465333768,0.0032909523357877945,0.0032909523357877945,0.1349738398291253,-0.017614355628870676,False
3,sat_p03_s01,sat_p02_s01,66.0,RADAR,0.004311513374312729,0.0031906600062620825,0.0031906600062620817,0.13499027818186582,0.07234820648406015,True
3,sat_p03_s01,sat_p04_s01,66.0,RADAR,0.004450102709002595,0.003303761903437488,0.003303761903437488,0.13497018391881452,-0.01833711520002901,False
3,sat_p03_s01,sat_p02_s01,68.0,RADAR,0.004325645147309314,0.0032001995355948527,0.0032001995355948527,0.1349692899710266,0.11036945501510442,True
3,sat_p03_s01,sat_p04_s01,68.0,RADAR,0.004470311086273655,0.0033178441842138086,0.0033178441842138086,0.1349491935098727,0.012736313389069331,True
3,sat_p03_s01,sat_p02_s01,70.0,RADAR,0.004340222517242589,0.003210715694719748,0.003210715694719748,0.1349200233093481,0.03860810541480986,True
3,sat_p03_s01,sat_p04_s01,70.0,RADAR,0.004490488313545773,0.0033325761273610326,0.0033325761273610326,0.13489995752188474,0.08412250220410133,True
3,sat_p03_s01,sat_p02_s01,72.0,RADAR,0.004354198174911064,0.003221662220110869,0.003221662220110869,0.1348338244898675,-0.013175645481595333,False
3,sat_p03_s01,sat_p04_s01,72.0,RADAR,0.004509582602530976,0.003347415184075123,0.003347415184075123,0.13481381525732616,-0.020073272197629777,False
3,sat_p03_s01,sat_p02_s01,74.0,RADAR,0.004366683421803544,0.003232564694095216,0.003232564694095216,0.1347040336214894,0.09826915147439008,True
3,sat_p03_s01,sat_p04_s01,74.0,RADAR,0.0045267097488254845,0.003361896502376293,0.003361896502376293,0.13468409835246606,0.01639353379090913,True
3,sat_p03_s01,sat_p02_s01,76.0,RADAR,0.004376941042313942,0.003243018803198632,0.0032430188031986316,0.13452574484734936,0.03446720391281877,True
3,sat_p03_s01,sat_p04_s01,76.0,RADAR,0.0045411444419494115,0.0033756298119177416,0.0033756298119177416,0.13450589822522604,0.027006019545459337,True
3,sat_p03_s01,sat_p02_s01,78.0,RADAR,0.004384374737141148,0.0032526858287169743,0.0032526858287169743,0.13429557969757822,-0.010749227031326303,False
3,sat_p03_s01,sat_p04_s01,78.0,RADAR,0.004552306691810229,0.003388292572049232,0.003388292572049232,0.13427583252874825,0.013436754407117335,True
3,sat_p03_s01,sat_p02_s01,80.0,RADAR,0.004388519701355984,0.003261288906865601,0.003261288906865601,0.13401147644386616,0.08145645130340828,True
3,sat_p03_s01,sat_p04_s01,80.0,RADAR,0.004559754068017439,0.0033996274600431187,0.0033996274600431187,0.13399182806363186,0.021593028606263553,True
3,sat_p03_s01,sat_p02_s01,82.0,RADAR,0.004389030898233043,0.0032686076695095335,0.0032686076695095335,0.13367249347125693,0.025964177729668858,True
3,sat_p03_s01,sat_p04_s01,82.0,RADAR,0.00456316609043959,0.00340943418093961,0.00340943418093961,0.1336529407832061,-0.012722780729590433,False
3,sat_p03_s01,sat_p02_s01,84.0,RADAR,0.004385671696546533,0.0032744732397167286,0.0032744732397167286,0.13327863382121788,-0.05136244778516308,False
3,sat_p03_s01,sat_p04_s01,84.0,RADAR,0.004562331464598159,0.003417563517670684,0.0034175635176706847,0.1332591660071879,-0.020082614786025244,False
3,sat_p03_s01,sat_p02_s01,86.0,RADAR,0.004378301813614201,0.003278762799794483,0.003278762799794483,0.1328306819829793,0.054589356591245974,True
3,sat_p03_s01,sat_p04_s01,86.0,RADAR,0.004557141243583597,0.0034239159431272478,0.0034239159431272478,0.13281128659131658,-0.022192188752756414,False
3,sat_p03_s01,sat_p02_s01,88.0,RADAR,0.004366865540331497,0.003281394397269619,0.003281394397269619,0.13233005856974298,-0.03381712546225013,False
3,sat_p03_s01,sat_p04_s01,88.0,RADAR,0.004547567516966292,0.0034284294463911265,0.0034284294463911265,0.1323107206952743,0.015939173440331578,True
3,sat_p03_s01,sat_p02_s01,90.0,RADAR,0.004351378985331835,0.003282320966335152,0.003282320966335152,0.13177869188585178,0.04257659227649524,True
3,sat_p03_s01,sat_p04_s01,90.0,RADAR,0.004533654163034724,0.0034310763092142036,0.0034310763092142036,0.13175939064261513,-0.011562032342620876,False
3,sat_p03_s01,sat_p02_s01,92.0,RADAR,0.004331918440755561,0.003281525090764487,0.003281525090764487,0.13117890474082577,0.032526420771673004,True
3,sat_p03_s01,sat_p04_s01,92.0,RADAR,0.004515504687386156,0.0034318576120340137,0.0034318576120340137,0.1311596170050895,0.007942823929887655,True
3,sat_p03_s01,sat_p02_s01,94.0,RADAR,0.0043086115925999304,0.0032790157198269924,0.0032790157198269924,0.13053331460060655,-0.05235771141767631,False
3,sat_p03_s01,sat_p04_s01,94.0,RADAR,0.004493273851305378,0.003430800409776979,0.003430800409776979,0.13051401116695774,0.010928569674447663,True
3,sat_p03_s01,sat_p02_s01,96.0,RADAR,0.004281625204196237,0.003274822015070933,0.0032748220150709316,0.12984474694399362,0.0196819500756249,True
3,sat_p03_s01,sat_p04_s01,96.0,RADAR,0.004467152391708678,0.0034279494237969385,0.0034279494237969385,0.12982540158078829,0.0066356536721703385,True
3,sat_p03_s01,sat_p02_s01,98.0,RADAR,0.004251157609119366,0.0032689905276175046,0.0032689905276175046,0.12911616509770676,-0.05521767687210155,False
3,sat_p03_s01,sat_p04_s01,98.0,RADAR,0.004437361088290655,0.0034233655021764457,0.0034233655021764457,0.12909674920632094,0.023859530500875525,True
3,sat_p03_s01,sat_p02_s01,100.0,RADAR,0.004217430210565394,0.003261581322426261,0.003261581322426261,0.1283506067424949,0.11791985337152155,True
3,sat_p03_s01,sat_p04_s01,100.0,RADAR,0.004404141978089817,0.0034171215946048037,0.0034171215946048037,0.12833109046148336,0.03201187713334597,True
3,sat_p03_s01,sat_p02_s01,102.0,RADAR,0.004180680208678555,0.003252664738376015,0.003252664738376015,0.12755113245768446,-0.02195842267596415,False
3,sat_p03_s01,sat_p04_s01,102.0,RADAR,0.00436775221996499,0.00340930045340724,0.00340930045340724,0.1275314844900977,-0.017420736105802304,False
3,sat_p03_s01,sat_p02_s01,104.0,RADAR,0.004141154025740839,0.00324231832324386,0.00324231832324386,0.12672078437434334,0.05743321002831392,True
3,sat_p03_s01,sat_p04_s01,104.0,RADAR,0.004328454453900866,0.0033999892243643673,0.0033999892243643673,0.12670097327912483,0.01643184701973288,True
3,sat_p03_s01,sat_p02_s01,106.0,RADAR,0.004099103529857748,0.0032306256119104078,0.0032306256119104078,0.12586255200674107,-0.07640820149450978,False
3,sat_p03_s01,sat_p04_s01,106.0,RADAR,0.004286515482457087,0.0033892801525176623,0.0033892801525176623,0.12584254227290334,-0.0006067355653798234,False
3,sat_p03_s01,sat_p02_s01,108.0,RADAR,0.004054779845276516,0.003217672739629958,0.003217672739629958,0.12497934500893514,0.00836772493837934,True
3,sat_p03_s01,sat_p04_s01,108.0,RADAR,0.004242200618769067,0.003377267638982619,0.003377267638982619,0.12495910895352387,-0.012392711480383012,False
3,sat_p03_s01,sat_p02_s01,110.0,RADAR,0.0040084310342709305,0.0032035477582770928,0.0032035477582770928,0.1240739718901399,-0.08116887028542652,False
3,sat_p03_s01,sat_p04_s01,110.0,RADAR,0.004195769870397615,0.0033640463916930867,0.0033640463916930863,0.12405346852531873,-9.350975501343228e-05,False
3,sat_p03_s01,sat_p02_s01,112.0,RADAR,0.003960298602929492,0.0031883387782304343,0.0031883387782304343,0.1231491250810833,0.008656140542964597,True
3,sat_p03_s01,sat_p04_s01,112.0,RADAR,0.004147475452259706,0.003349710355885955,0.003349710355885956,0.12312832921434079,1.52037919298742e-06,True
3,sat_p03_s01,sat_p02_s01,114.0,RADAR,0.003910616100375707,0.0031721335409588772,0.0031721335409588772,0.12220736915838033,-0.004701218808891294,False
3,sat_p03_s01,sat_p04_s01,114.0,RADAR,0.004097559713374275,0.003334351742193946,0.003334351742193946,0.12218624330949453,0.02187246292682654,True
3,sat_p03_s01,sat_p02_s01,116.0,RADAR,0.0038596058265119877,0.0031550172399273315,0.0031550172399273315,0.12125113417807953,0.05985823784325173,True
3,sat_p03_s01,sat_p04_s01,116.0,RADAR,0.004046252805272576,0.0033180595963017622,0.0033180595963017622,0.12122965481910783,-0.020888458117056086,False
3,sat_p03_s01,sat_p02_s01,118.0,RADAR,0.0038074792162336177,0.003137073109524805,0.003137073109524805,0.12028271045401952,0.022869795526290426,True
3,sat_p03_s01,sat_p04_s01,118.0,RADAR,0.0039937741419960706,0.0033009212774535363,0.0033009212774535363,0.12026084232893286,0.0013545808903565604,True
3,sat_p03_s01,sat_p02_s01,120.0,RADAR,0.00375443481823456,0.0031183809425317428,0.0031183809425317428,0.11930424726494844,-0.08183860915263508,False
3,sat_p03_s01,sat_p04_s01,120.0,RADAR,0.003940328726613068,0.0032830196176917743,0.0032830196176917743,0.11928195463306696,-0.00927084250068333,False
4,sat_p03_s01,sat_p02_s01,0.0,RADAR,3.340788913468284,0.1348689409946604,0.1348689409946604,2.0630325297851355,-0.8089189112646649,False
4,sat_p03_s01,sat_p04_s01,0.0,RADAR,2.651671577441196,0.12373738277763252,0.12373738277763252,2.063032999859839,-0.054288588684340944,False
4,sat_p03_s01,sat_p02_s01,2.0,RADAR,0.40456495201779685,0.03729095491330443,0.03729095491330443,1.0760908487771348,-0.861062998932765,False
4,sat_p03_s01,sat_p04_s01,2.0,RADAR,0.3904737762332558,0.03738627284484742,0.03738627284484742,1.076090942966714,-0.0058382550677960054,False
4,sat_p03_s01,sat_p02_s01,4.0,RADAR,0.16080041840366371,0.022240073213973432,0.022240073213973432,0.7282202467646398,0.011720633595871277,True
4,sat_p03_s01,sat_p04_s01,4.0,RADAR,0.15629329543461223,0.022108395404142268,0.022108395404142268,0.7282199229952429,-0.03206658791587813,False
4,sat_p03_s01,sat_p02_s01,6.0,RADAR,0.08751749741043022,0.016037692807469122,0.016037692807469122,0.5508104990911223,-0.10928365343433111,False
4,sat_p03_s01,sat_p04_s01,6.0,RADAR,0.08536877741029178,0.015898921081062306,0.015898921081062306,0.5508096996779521,-0.002932867562541297,False
4,sat_p03_s01,sat_p02_s01,8.0,RADAR,0.055542026914055326,0.012633960865690606,0.012633960865690606,0.4435101173294507,-0.010328862365475366,False
4,sat_p03_s01,sat_p04_s01,8.0,RADAR,0.05433018477728784,0.01251644060738238,0.01251644060738238,0.44350878132241284,-0.01073664687778475,False
4,sat_p03_s01,sat_p02_s01,10.0,RADAR,0.03866434569696435,0.010476867174108475,0.010476867174108475,0.3718786944900951,0.031599153444895944,True
4,sat_p03_s01,sat_p04_s01,10.0,RADAR,0.03790592189681347,0.010380109174593023,0.010380109174593023,0.3718767613405059,-0.002444771873840068,False
4,sat_p03_s01,sat_p02_s01,12.0,RADAR,0.028649738318723528,0.008985444078233313,0.008985444078233313,0.3209045608417468,-0.017259940416171404,False
4,sat_p03_s01,sat_p04_s01,12.0,RADAR,0.02813973054637378,0.008905510475625725,0.008905510475625725,0.3209019714587593,0.007732439017725579,True
4,sat_p03_s01,sat_p02_s01,14.0,RADAR,0.022215841671624957,0.007892181221836967,0.007892181221836967,0.2829962542618679,0.016370835308380904,True
4,sat_p03_s01,sat_p04_s01,14.0,RADAR,0.021854883591496153,0.007825713254733762,0.007825713254733762,0.2829929520357233,0.0024028413163558193,True
4,sat_p03_s01,sat_p02_s01,16.0,RADAR,0.017837919852654573,0.007056450847862502,0.007056450847862502,0.2539003249130159,0.01671689043446678,True
4,sat_p03_s01,sat_p04_s01,16.0,RADAR,0.017573058757842392,0.007001078385474543,0.007001078385474543,0.2538962571796463,0.002051313726300963,True
4,sat_p03_s01,sat_p02_s01,18.0,RADAR,0.014727169064328277,0.006397197825970093,0.006397197825970093,0.23104654514464862,0.06427397989601935,True
4,sat_p03_s01,sat_p04_s01,18.0,RADAR,0.01452807107731718,0.0063513446467008015,0.0063513446467008015,0.23104166383285965,-0.012045325370907745,False
4,sat_p03_s01,sat_p02_s01,20.0,RADAR,0.012441411210118743,0.005864450887783192,0.005864450887783192,0.21278836539625037,0.06693517358102441,True
4,sat_p03_s01,sat_p04_s01,20.0,RADAR,0.012289662637079875,0.005827094853188027,0.005827094853188027,0.21278262788173113,5.6777379089378854e-06,True
4,sat_p03_s01,sat_p02_s01,22.0,RADAR,0.01071684894165298,0.0054257943991762566,0.0054257943991762566,0.19802029486185185,0.017142823288926357,True
4,sat_p03_s01,sat_p04_s01,22.0,RADAR,0.01060072030483397,0.005396279400936213,0.005396279400936213,0.19801366522003386,0.003354970167813054,True
4,sat_p03_s01,sat_p02_s01,24.0,RADAR,0.00938804604331741,0.00505934346755122,0.00505934346755122,0.18597066272751178,0.018528323336674646,True
4,sat_p03_s01,sat_p04_s01,24.0,RADAR,0.009299763803353922,0.005037252392628749,0.005037252392628749,0.185963110917347,-0.005325233632872739,False
4,sat_p03_s01,sat_p02_s01,26.0,RADAR,0.008346930893722961,0.004749850449884671,0.004749850449884671,0.17608265095630363,-0.025965749422737994,False
4,sat_p03_s01,sat_p04_s01,26.0,RADAR,0.008281160404520895,0.004734913844556261,0.004734913844556261,0.17607415543439658,0.00459072493938506,True
4,sat_p03_s01,sat_p02_s01,28.0,RADAR,0.0075204396694903055,0.004486403775398363,0.004486403775398362,0.16794267006686758,-0.026938019062666352,False
4,sat_p03_s01,sat_p04_s01,28.0,RADAR,0.007473427522227366,0.004478450453926164,0.004478450453926164,0.16793321894136357,-0.000456886689261804,False
4,sat_p03_s01,sat_p02_s01,30.0,RADAR,0.006857706391574009,0.0042610081338670626,0.0042610081338670626,0.1612354993354207,0.030581438965186725,True
4,sat_p03_s01,sat_p04_s01,30.0,RADAR,0.006826754003210319,0.004259927736942366,0.004259927736942366,0.16122509047730493,0.0023671881728057897,True
4,sat_p03_s01,sat_p02_s01,32.0,RADAR,0.006322404116149997,0.004067673433968706,0.004067673433968706,0.15571524765256858,0.027740796299787096,True
4,sat_p03_s01,sat_p04_s01,32.0,RADAR,0.006305551923745734,0.004073400572654038,0.004073400572654038,0.15570388769571833,-0.0019357782568982795,False
4,sat_p03_s01,sat_p02_s01,34.0,RADAR,0.005887995160799715,0.003901810578486201,0.003901810578486201,0.15118602378465493,0.011296988768021432,True
4,sat_p03_s01,sat_p04_s01,34.0,RADAR,0.005883809541719045,0.003914309917299413,0.003914309917299413,0.1511737269876055,-0.0016337010108065098,False
4,sat_p03_s01,sat_p02_s01,36.0,RADAR,0.005534691326388596,0.0037598205700039617,0.0037598205700039617,0.1474887682769301,0.002937328863588662,True
4,sat_p03_s01,sat_p04_s01,36.0,RADAR,0.005542123588251502,0.003779078230774515,0.003779078230774515,0.14747556105852413,-0.01008414747859987,False
4,sat_p03_s01,sat_p02_s01,38.0,RADAR,0.005247447991347468,0.00363880558545426,0.00363880558545426,0.1444921066474662,0.04870376548698657,True
4,sat_p03_s01,sat_p04_s01,38.0,RADAR,0.005265736049888231,0.0036648230106745574,0.0036648230106745574,0.14447802407524457,-0.03328738809880116,False
4,sat_p03_s01,sat_p02_s01,40.0,RADAR,0.005014616039460085,0.003536368815984714,0.003536368815984714,0.14208589178738873,-0.06507440457526098,False
4,sat_p03_s01,sat_p04_s01,40.0,RADAR,0.005043213160281687,0.0035691578325598976,0.0035691578325598976,0.14207097553285494,0.000598135245323872,True
4,sat_p03_s01,sat_p02_s01,42.0,RADAR,0.004827014867384222,0.003450474088049755,0.003450474088049755,0.14017658069589695,0.017981279470824174,True
4,sat_p03_s01,sat_p04_s01,42.0,RADAR,0.004865525989132518,0.003490045250098998,0.003490045250098998,0.14016088203055935,0.007343217989744355,True
4,sat_p03_s01,sat_p02_s01,44.0,RADAR,0.004677277960292416,0.003379343755918718,0.003379343755918718,0.1386838863596767,0.03418575254830081,True
4,sat_p03_s01,sat_p04_s01,44.0,RADAR,0.004725416986191459,0.0034257010411056017,0.0034257010411056017,0.13866746361421722,-0.0025569009938061216,False
4,sat_p03_s01,sat_p02_s01,46.0,RADAR,0.004559390329290124,0.003321389491829474,0.003321389491829474,0.13753832658546908,0.005117227586900253,True
4,sat_p03_s01,sat_p04_s01,46.0,RADAR,0.004616939596522619,0.0033745207435870806,0.0033745207435870806,0.1375212387325449,-0.0016983074956671285,False
4,sat_p03_s01,sat_p02_s01,48.0,RADAR,0.004468350551387364,0.0032751611650193653,0.0032751611650193653,0.13667940926739233,0.0007267237274339866,True
4,sat_p03_s01,sat_p04_s01,48.0,RADAR,0.004535129321878257,0.0033350307839990676,0.0033350307839990685,0.13666172398116355,-0.003167118831623239,False
4,sat_p03_s01,sat_p02_s01,50.0,RADAR,0.004399933266503641,0.0032393180127962204,0.0032393180127962204,0.13605427022304079,0.002473916579554647,True
4,sat_p03_s01,sat_p04_s01,50.0,RADAR,0.004475767215657473,0.0033058572959204476,0.0033058572959204476,0.13603605719987694,0.021393876638997833,True
4,sat_p03_s01,sat_p02_s01,52.0,RADAR,0.004350509649690476,0.0032126056747216213,0.0032126056747216213,0.1356166371923785,-0.01693036695146244,False
4,sat_p03_s01,sat_p04_s01,52.0,RADAR,0.004435214365755146,0.003285711121820711,0.003285711121820711,0.13559796401908727,-0.03651646638131156,False
4,sat_p03_s01,sat_p02_s01,54.0,RADAR,0.004316919685494936,0.0031938442207806914,0.0031938442207806914,0.13532602385193865,-0.01617075246763089,False
4,sat_p03_s01,sat_p04_s01,54.0,RADAR,0.004410282668276374,0.00327337294724607,0.0032733729472460694,0.13530695952793412,-0.057041726266644,False
4,sat_p03_s01,sat_p02_s01,56.0,RADAR,0.004296379995657693,0.003181922054208548,0.003181922054208548,0.13514708791540603,-0.006604855972628554,False
4,sat_p03_s01,sat_p04_s01,56.0,RADAR,0.004398151381325645,0.003267692132855174,0.003267692132855174,0.1351277028922478,-0.03353431631056669,False
4,sat_p03_s01,sat_p02_s01,58.0,RADAR,0.0042864179172906105,0.0031757937104196264,0.0031757937104196264,0.13504910448163643,0.023636486664075862,True
4,sat_p03_s01,sat_p04_s01,58.0,RADAR,0.004396304832804902,0.0032675858664667585,0.0032675858664667585,0.13502946577925656,0.061445479179576934,True
4,sat_p03_s01,sat_p02_s01,60.0,RADAR,0.004284824300920838,0.003174479625212726,0.003174479625212726,0.1350055201441508,0.05957077752189199,True
4,sat_p03_s01,sat_p04_s01,60.0,RADAR,0.004402489547221516,0.003272040908408842,0.0032720409084088416,0.1349856894311568,0.0026396707110096784,True
4,sat_p03_s01,sat_p02_s01,62.0,RADAR,0.004289621366814516,0.003177067891942597,0.003177067891942597,0.13499356317810332,-0.08358232551371991,False
4,sat_p03_s01,sat_p04_s01,62.0,RADAR,0.00441468721896469,0.0032801180055408684,0.0032801180055408684,0.1349735974907813,-0.1156141499392826,False
4,sat_p03_s01,sat_p02_s01,64.0,RADAR,0.004299041668005155,0.0031827173173493623,0.0031827173173493623,0.13499389324976502,0.05110136170111651,True
4,sat_p03_s01,sat_p04_s01,64.0,RADAR,0.0044310921274685056,0.0032909527502155305,0.0032909527502155305,0.13497384074325705,-0.02240605409282892,False
4,sat_p03_s01,sat_p02_s01,66.0,RADAR,0.0043115124475500265,0.003190659247264641,0.003190659247264641,0.13499027713791878,-0.004570962043931259,False
4,sat_p03_s01,sat_p04_s01,66.0,RADAR,0.0044501052159081214,0.0033037636862953143,0.0033037636862953143,0.13497018454333787,0.007197729767408068,True
4,sat_p03_s01,sat_p02_s01,68.0,RADAR,0.0043256440574913875,0.00320019866428698,0.00320019866428698,0.13496928875136105,0.04686876992014283,True
4,sat_p03_s01,sat_p04_s01,68.0,RADAR,0.004470313564505136,0.0033178459532159994,0.0033178459532159994,0.13494919260285224,-0.07577103850673667,False
4,sat_p03_s01,sat_p02_s01,70.0,RADAR,0.00434022156308999,0.003210714925320992,0.0032107149253209916,0.1349200222351478,-0.008368391839865486,False
4,sat_p03_s01,sat_p04_s01,70.0,RADAR,0.004490490714689081,0.0033325778408071836,0.0033325778408071836,0.1348999565763314,-0.08464705581389764,False
4,sat_p03_s01,sat_p02_s01,72.0,RADAR,0.004354197133874376,0.0032216613886599656,0.0032216613886599656,0.13483382322021067,-0.0071708134887399355,False
4,sat_p03_s01,sat_p04_s01,72.0,RADAR,0.004509585437998944,0.003347417222442077,0.003347417222442077,0.1348138153927916,0.0053638094997560115,True
4,sat_p03_s01,sat_p02_s01,74.0,RADAR,0.0043666826988591366,0.0032325641027607785,0.0032325641027607785,0.13470403225623961,-0.008214320861216762,False
4,sat_p03_s01,sat_p04_s01,74.0,RADAR,0.00452671320302684,0.003361899007347371,0.0033618990073473716,0.13468409965967468,-0.07472017338684478,False
4,sat_p03_s01,sat_p02_s01,76.0,RADAR,0.004376940401358416,0.0032430182763241496,0.0032430182763241496,0.13452574334556772,-0.02152663056649362,False
4,sat_p03_s01,sat_p04_s01,76.0,RADAR,0.004541148289482277,0.003375632616076882,0.003375632616076882,0.13450590035981896,0.03975205717488128,True
4,sat_p03_s01,sat_p02_s01,78.0,RADAR,0.0043843740582608995,0.003252685275133863,0.003252685275133863,0.13429557847034643,0.01938888891041568,True
4,sat_p03_s01,sat_p04_s01,78.0,RADAR,0.004552310302246982,0.0033882952054075577,0.0033882952054075577,0.13427583443857974,0.028791629083980474,True
4,sat_p03_s01,sat_p02_s01,80.0,RADAR,0.004388519031171299,0.00326128836286036,0.00326128836286036,0.1340114750460248,-0.00118003335429262,False
4,sat_p03_s01,sat_p04_s01,80.0,RADAR,0.004559757785657708,0.003399630182044869,0.003399630182044869,0.13399182712514818,0.006358443080451304,True
4,sat_p03_s01,sat_p02_s01,82.0,RADAR,0.004389030299141858,0.003268607182608648,0.003268607182608647,0.1336724924887149,-0.011718203810956673,False
4,sat_p03_s01,sat_p04_s01,82.0,RADAR,0.004563169211046913,0.0034094364683800145,0.0034094364683800145,0.13365293974760933,-0.01325067131939206,False
4,sat_p03_s01,sat_p02_s01,84.0,RADAR,0.004385671267829486,0.0032744728843041742,0.0032744728843041742,0.13327863301158796,0.029460794677746316,True
4,sat_p03_s01,sat_p04_s01,84.0,RADAR,0.0045623349850649015,0.0034175661167096015,0.0034175661167096015,0.13325916579580926,-0.059939470682979,False
4,sat_p03_s01,sat_p02_s01,86.0,RADAR,0.0043783016614629975,0.0032787626555795765,0.0032787626555795765,0.13283068119256772,-0.037490108421971424,False
4,sat_p03_s01,sat_p04_s01,86.0,RADAR,0.004557145402703207,0.0034239190358879364,0.0034239190358879364,0.1328112848092808,-0.01486066158953725,False
4,sat_p03_s01,sat_p02_s01,88.0,RADAR,0.004366865261429529,0.0032813941630257435,0.0032813941630257435,0.13233005792543823,-0.02761459364881902,False
4,sat_p03_s01,sat_p04_s01,88.0,RADAR,0.004547571616666986,0.00342843251059225,0.00342843251059225,0.1323107156318153,0.017481671779777885,True
4,sat_p03_s01,sat_p02_s01,90.0,RADAR,0.004351378524426125,0.0032823206009156814,0.0032823206009156814,0.13177869163148703,-0.08778910816618035,False
4,sat_p03_s01,sat_p04_s01,90.0,RADAR,0.004533657350344636,0.0034310787015624554,0.0034310787015624554,0.13175938476294138,-0.0011670016659931504,False
4,sat_p03_s01,sat_p02_s01,92.0,RADAR,0.004331918079543073,0.003281524804264862,0.003281524804264862,0.1311789045367371,-0.003176314664959601,False
4,sat_p03_s01,sat_p04_s01,92.0,RADAR,0.004515508267998582,0.003431860318908809,0.003431860318908809,0.1311596115381935,0.0031928371340872452,True
4,sat_p03_s01,sat_p02_s01,94.0,RADAR,0.004308611190910126,0.003279015405805627,0.003279015405805627,0.13053331411976257,-0.022583755109639503,False
4,sat_p03_s01,sat_p04_s01,94.0,RADAR,0.004493276824818169,0.0034308026703905566,0.003430802670390557,0.13051401029434864,0.0027040656109373895,True
4,sat_p03_s01,sat_p02_s01,96.0,RADAR,0.004281625010065489,0.003274821856987961,0.003274821856987961,0.1298447464421142,0.07699480194880715,True
4,sat_p03_s01,sat_p04_s01,96.0,RADAR,0.004467154795622568,0.0034279512578895078,0.0034279512578895078,0.12982540461729142,0.011144268191591533,True
4,sat_p03_s01,sat_p02_s01,98.0,RADAR,0.0042511575567972274,0.0032689904722569777,0.0032689904722569777,0.12911616486830513,-0.0408887553677888,False
4,sat_p03_s01,sat_p04_s01,98.0,RADAR,0.004437364500161071,0.0034233681183582117,0.0034233681183582117,0.12909675263337056,0.02653550094104784,True
4,sat_p03_s01,sat_p02_s01,100.0,RADAR,0.004217430472902635,0.0032615815120016225,0.0032615815120016225,0.12835060630468242,-0.020750161003189715,False
4,sat_p03_s01,sat_p04_s01,100.0,RADAR,0.004404146056416431,0.0034171247456403265,0.0034171247456403265,0.12833109672413032,-0.02618512381734972,False
4,sat_p03_s01,sat_p02_s01,102.0,RADAR,0.004180680240081963,0.0032526647552925223,0.0032526647552925223,0.12755113219387834,0.05564972426500703,True
4,sat_p03_s01,sat_p04_s01,102.0,RADAR,0.004367755910594665,0.0034093033263514778,0.0034093033263514778,0.12753149186031196,-0.020633833645583133,False
4,sat_p03_s01,sat_p02_s01,104.0,RADAR,0.004141154044120155,0.0032423183315679264,0.0032423183315679264,0.126720784199822,-0.02073694379217761,False
4,sat_p03_s01,sat_p04_s01,104.0,RADAR,0.004328457529759103,0.0033999916341099644,0.0033999916341099644,0.12670098398670646,-0.008042980889390372,False
4,sat_p03_s01,sat_p02_s01,106.0,RADAR,0.0040991033571630125,0.00323062547485391,0.00323062547485391,0.1258625519213659,0.005115310264565132,True
4,sat_p03_s01,sat_p04_s01,106.0,RADAR,0.004286519169491983,0.0033892830663345714,0.0033892830663345714,0.12584255943127903,-0.005350576207788005,False
4,sat_p03_s01,sat_p02_s01,108.0,RADAR,0.004054779807385055,0.003217672714494424,0.003217672714494424,0.12497934476786265,-0.029384674452347603,False
4,sat_p03_s01,sat_p04_s01,108.0,RADAR,0.0042422049033292945,0.003377271055065996,0.003377271055065996,0.12495911857802447,-0.00021568939236310536,False
4,sat_p03_s01,sat_p02_s01,110.0,RADAR,0.004008431050859048,0.0032035477797738147,0.0032035477797738147,0.12407397157450457,-0.0007353196192745326,False
4,sat_p03_s01,sat_p04_s01,110.0,RADAR,0.004195773691873906,0.0033640494643665153,0.0033640494643665153,0.12405348706158456,0.008139000168092325,True
4,sat_p03_s01,sat_p02_s01,112.0,RADAR,0.003960298965429692,0.003188339082270666,0.003188339082270666,0.12314912460987479,0.01075241403638616,True
4,sat_p03_s01,sat_p04_s01,112.0,RADAR,0.0041474794782466705,0.0033497136213154885,0.0033497136213154885,0.12312834109019345,0.004399435706124,True
4,sat_p03_s01,sat_p02_s01,114.0,RADAR,0.003910616315041197,0.003172133731718483,0.003172133731718483,0.12220736871386684,0.02237005469033959,True
4,sat_p03_s01,sat_p04_s01,114.0,RADAR,0.004097562397634731,0.0033343539446065414,0.0033343539446065414,0.12218626330184133,-0.013435555617877681,False
4,sat_p03_s01,sat_p02_s01,116.0,RADAR,0.00385960622297279,0.0031550175810593547,0.0031550175810593547,0.12125113372030139,0.04343600529144698,True
4,sat_p03_s01,sat_p04_s01,116.0,RADAR,0.004046255494857303,0.0033180618209124966,0.0033180618209124966,0.12122967361509793,-0.0033938047380847602,False
4,sat_p03_s01,sat_p02_s01,118.0,RADAR,0.0038074796051954228,0.0031370734486901395,0.003137073448690139,0.12028271000400122,0.015801583816687503,True
4,sat_p03_s01,sat_p04_s01,118.0,RADAR,0.003993776221035551,0.0033009230166041524,0.0033009230166041524,0.12026085369397674,-0.012728364372171175,False
4,sat_p03_s01,sat_p02_s01,120.0,RADAR,0.0037544353204045883,0.0031183813765291537,0.0031183813765291537,0.1193042468226404,-0.005541433963782483,False
4,sat_p03_s01,sat_p04_s01,120.0,RADAR,0.003940330149433914,0.0032830208223872176,0.0032830208223872176,0.11928197093401023,0.04040663848981918,True
