time_s,truth_phase_rad,mode,decoded_phase_rad,truth_error_rad,source_residual_rad,bump_concentration,bump_width_rad,cue_applied,cross_track_position_m
0.0,0.0,no_cue,6.283185046229606,-2.609499798467141e-07,0.0,0.7961740796645927,0.6751850472301968,0,3.730349795735284
0.0,0.0,periodic_cue,6.283185046229606,-2.609499798467141e-07,0.0,0.7961740796645927,0.6751850472301968,0,3.730349795735284
0.0,0.0,every_epoch_cue,6.283185046229606,-2.609499798467141e-07,0.0,0.7961740796645927,0.6751850472301968,0,3.730349795735284
2.0,0.0021204128984185994,no_cue,0.0021201611793485176,-2.517190700324079e-07,-1.5729434998945635e-07,0.7961706624100595,0.6751914041299912,0,1.6095254597385065
2.0,0.0021204128984185994,periodic_cue,0.0021201611793485176,-2.517190700324079e-07,-1.5729434998945635e-07,0.7961706624100595,0.6751914041299912,0,1.6095254597385065
2.0,0.0021204128984185994,every_epoch_cue,0.002189614485343201,6.920158692480527e-05,6.929601164484822e-05,0.9417592485727199,0.346426361104742,1,1.6095254597385065
4.0,0.004240825805943405,no_cue,0.004240583039053284,-2.4276689014612884e-07,-2.219472756692653e-07,0.7961706624100595,0.6751914041299912,0,1.388667198980329
4.0,0.004240825805943405,periodic_cue,0.004240583039053284,-2.4276689014612884e-07,-2.219472756692653e-07,0.7961706624100595,0.6751914041299912,0,1.388667198980329
4.0,0.004240825805943405,every_epoch_cue,0.004310100982248285,6.927517630472835e-05,6.929599591920521e-05,0.9417592485727503,0.34642636110464875,1,1.388667198980329
6.0,0.006361238731680653,no_cue,0.006361004547812377,-2.3418386829732185e-07,-3.156145127469756e-07,0.7961706624100593,0.6751914041299917,0,1.3074586316215573
6.0,0.006361238731680653,periodic_cue,0.006361004547812377,-2.3418386829732185e-07,-3.156145127469756e-07,0.7961706624100593,0.6751914041299917,0,1.3074586316215573
6.0,0.006361238731680653,every_epoch_cue,0.0064306161474954856,6.937741581491963e-05,6.929598517046998e-05,0.9417592485727947,0.34642636110451264,1,1.3074586316215573
8.0,0.008481651684736646,no_cue,0.008481427015983246,-2.246687533791203e-07,-3.2597920629484634e-07,0.7961706624100594,0.6751914041299915,0,0.21893067557903123
8.0,0.008481651684736646,periodic_cue,0.008481427015983246,-2.246687533791203e-07,-3.2597920629484634e-07,0.7961706624100594,0.6751914041299915,0,0.21893067557903123
8.0,0.008481651684736646,every_epoch_cue,0.008551049011993031,6.939732725630421e-05,6.929601680338848e-05,0.9417592485728468,0.34642636110435304,1,0.21893067557903123
10.0,0.010602064674217771,no_cue,0.010601849162047467,-2.155121703317775e-07,-4.3423107998208366e-07,0.7961706624100595,0.6751914041299912,0,0.07366358570288867
10.0,0.010602064674217771,periodic_cue,0.010671579399204477,6.951472498650801e-05,6.929600607685771e-05,0.9417592485729003,0.346426361104189,1,0.07366358570288867
10.0,0.010602064674217771,every_epoch_cue,0.010671579399202937,6.951472498517575e-05,6.929600607552544e-05,0.9417592485729002,0.34642636110418934,1,0.07366358570288867
12.0,0.012722477709230549,no_cue,0.012722271309916742,-2.0639931364030417e-07,-3.823760037491297e-07,0.7961706624100592,0.6751914041299918,0,0.1935423584363889
12.0,0.012722477709230549,periodic_cue,0.012785936426143866,6.345871691326721e-05,6.328274022360247e-05,0.7961706624100601,0.6751914041299902,0,0.1935423584363889
12.0,0.012722477709230549,every_epoch_cue,0.012791949691402084,6.94719821714429e-05,6.929600548177817e-05,0.9417592485729467,0.3464263611040468,1,0.1935423584363889
14.0,0.014842890798881651,no_cue,0.014842693170487269,-1.9762839453818515e-07,-3.9546671493084773e-07,0.7961706624100594,0.6751914041299915,0,0.03616700465499889
14.0,0.014842890798881651,periodic_cue,0.014906358286714542,6.346748783281342e-05,6.326964951242076e-05,0.7961706624100594,0.6751914041299915,0,0.03616700465499889
14.0,0.014842890798881651,every_epoch_cue,0.014912384632284252,6.949383340248971e-05,6.929599508209705e-05,0.9417592485729793,0.34642636110394676,1,0.03616700465499889
16.0,0.016963303952277936,no_cue,0.01696311422819721,-1.8972408089013015e-07,-3.1104427877792773e-07,0.7961706624100594,0.6751914041299915,0,-0.19065193493588595
16.0,0.016963303952277936,periodic_cue,0.017026779344424665,6.347539214690556e-05,6.335407194857368e-05,0.7961706624100594,0.6751914041299915,0,-0.19065193493588595
16.0,0.016963303952277936,every_epoch_cue,0.01703272124009718,6.941728781928447e-05,6.929596762139667e-05,0.9417592485729942,0.3464263611039011,1,-0.19065193493588595
18.0,0.019083717178526482,no_cue,0.019083536920387268,-1.8025813908195687e-07,-2.8594656820146724e-07,0.7961706624100593,0.6751914041299917,0,-0.07888547524635214
18.0,0.019083717178526482,periodic_cue,0.019147202036614654,6.348485808826965e-05,6.337916965915014e-05,0.7961706624100595,0.6751914041299912,0,-0.07888547524635214
18.0,0.019083717178526482,every_epoch_cue,0.019153118886732982,6.940170820657343e-05,6.929601977745392e-05,0.9417592485729868,0.34642636110392394,1,-0.07888547524635214
20.0,0.021204130486734613,no_cue,0.02120395984840154,-1.7063833324115762e-07,-3.070689960082973e-07,0.7961706624100595,0.6751914041299912,0,0.19818765934905969
20.0,0.021204130486734613,periodic_cue,0.021273562943769635,6.943245703494583e-05,6.92960263717346e-05,0.941759248572961,0.3464263611040029,1,0.19818765934905969
20.0,0.021204130486734613,every_epoch_cue,0.02127356294376796,6.943245703316947e-05,6.929602637040233e-05,0.9417592485729608,0.34642636110400354,1,0.19818765934905969
22.0,0.023324543886009935,no_cue,0.023324382605893094,-1.6128011681715293e-07,-2.737951860787291e-07,0.7961706624100595,0.6751914041299912,0,0.1856950371147832
22.0,0.023324543886009935,periodic_cue,0.023387920579852794,6.337669384270939e-05,6.326417877344781e-05,0.79617066241006,0.6751914041299903,0,0.1856950371147832
22.0,0.023324543886009935,every_epoch_cue,0.02339395242106794,6.940853505810196e-05,6.929601998884038e-05,0.9417592485729197,0.34642636110412944,1,0.1856950371147832
24.0,0.025444957385460366,no_cue,0.025444804939149874,-1.5244631068611625e-07,-2.2409746103235761e-07,0.7961706624100592,0.6751914041299918,0,-0.02686830738093704
24.0,0.025444957385460366,periodic_cue,0.02550834291310949,6.338552764928451e-05,6.331387649849418e-05,0.7961706624100595,0.6751914041299912,0,-0.02686830738093704
24.0,0.025444957385460366,every_epoch_cue,0.02551432504234847,6.936765688791979e-05,6.929600573757355e-05,0.9417592485728686,0.346426361104286,1,-0.02686830738093704
26.0,0.027565370994194156,no_cue,0.027565227193223,-1.4380097113075863e-07,-2.1718427722916545e-07,0.7961706624100595,0.6751914041299912,0,-0.02528459794120863
26.0,0.027565370994194156,periodic_cue,0.027628765167182566,6.339417298839578e-05,6.332078968229737e-05,0.7961706624100594,0.6751914041299915,0,-0.02528459794120863
26.0,0.027565370994194156,every_epoch_cue,0.027634740380740253,6.936938654611424e-05,6.929600324001584e-05,0.9417592485728145,0.3464263611044521,1,-0.02528459794120863
28.0,0.029685784721319945,no_cue,0.02968564985426372,-1.348670561895915e-07,-2.3589220266018174e-07,0.7961706624100597,0.6751914041299908,0,0.0006792904168833047
28.0,0.029685784721319945,periodic_cue,0.02974918782822339,6.340310690333695e-05,6.330208175686636e-05,0.7961706624100597,0.6751914041299908,0,0.0006792904168833047
28.0,0.029685784721319945,every_epoch_cue,0.02975518176356099,6.93970422411816e-05,6.9296017094711e-05,0.9417592485727658,0.3464263611046011,1,0.0006792904168833047
30.0,0.031806198575946756,no_cue,0.031806071973625054,-1.2660232151517903e-07,-1.9147912855288496e-07,0.7961706624100594,0.6751914041299915,0,0.15482146973954514
30.0,0.031806198575946756,periodic_cue,0.031875559453087,6.936087714004557e-05,6.929600033345196e-05,0.94175924857273,0.34642636110471103,1,0.15482146973954514
30.0,0.031806198575946756,every_epoch_cue,0.03187555945308533,6.93608771387133e-05,6.92960003316756e-05,0.9417592485727297,0.3464263611047117,1,0.15482146973954514
32.0,0.03392661256718407,no_cue,0.0339264946469943,-1.1792018961287454e-07,-2.206745826072165e-07,0.7961706624100593,0.6751914041299917,0,0.29416699190915097
32.0,0.03392661256718407,periodic_cue,0.03398991700509765,6.330443791346951e-05,6.320168352091926e-05,0.7961706624100601,0.6751914041299902,0,0.29416699190915097
32.0,0.03392661256718407,every_epoch_cue,0.033996011341202705,6.939877401856975e-05,6.929601962557541e-05,0.9417592485727106,0.34642636110477026,1,0.29416699190915097
34.0,0.03604702670414181,no_cue,0.036046918624585596,-1.0807955641567446e-07,-2.6724569801572784e-07,0.7961706624100595,0.6751914041299912,0,0.35049925111525226
34.0,0.03604702670414181,periodic_cue,0.03611034098268888,6.33142785471108e-05,6.315511240551075e-05,0.7961706624100595,0.6751914041299912,0,0.35049925111525226
34.0,0.03604702670414181,every_epoch_cue,0.03611648193379856,6.945522965695616e-05,6.929606351491202e-05,0.9417592485727113,0.3464263611047682,1,0.35049925111525226
36.0,0.03816744099593042,no_cue,0.03816734289673285,-9.809919765402242e-08,-2.7374546851532955e-07,0.7961706624100595,0.6751914041299912,0,0.4080501048883889
36.0,0.03816744099593042,periodic_cue,0.03823076525483631,6.332425890587245e-05,6.314861263501115e-05,0.7961706624100594,0.6751914041299915,0,0.4080501048883889
36.0,0.03816744099593042,every_epoch_cue,0.0382369127165059,6.947172057536477e-05,6.929607430450346e-05,0.9417592485727329,0.3464263611047022,1,0.4080501048883889
38.0,0.04028785545166085,no_cue,0.04028776724834661,-8.820331443004648e-08,-2.6498873539893e-07,0.7961706624100595,0.6751914041299912,0,0.4195068168628495
38.0,0.04028785545166085,periodic_cue,0.04035118960645016,6.333415478909643e-05,6.315736936812755e-05,0.7961706624100593,0.6751914041299917,0,0.4195068168628495
38.0,0.04028785545166085,every_epoch_cue,0.04035732831487465,6.947286321379309e-05,6.92960777928242e-05,0.9417592485727708,0.3464263611045858,1,0.4195068168628495
40.0,0.042408270080444614,no_cue,0.04240819210836123,-7.79720834565012e-08,-2.753474226402375e-07,0.7961706624100597,0.6751914041299908,0,0.20605142685235478
40.0,0.042408270080444614,periodic_cue,0.04247776355068471,6.949347024010066e-05,6.929609490091693e-05,0.9417592485728205,0.3464263611044337,1,0.20605142685235478
40.0,0.042408270080444614,every_epoch_cue,0.042477763550683015,6.94934702383243e-05,6.929609489914057e-05,0.9417592485728202,0.34642636110443437,1,0.20605142685235478
42.0,0.04452868489139383,no_cue,0.04452861796556273,-6.692583109924044e-08,-3.0358587732592923e-07,0.7961706624100594,0.6751914041299915,0,0.04498515563318506
42.0,0.04452868489139383,periodic_cue,0.04459212427617897,6.343938478492461e-05,6.320272473914201e-05,0.79617066241006,0.6751914041299903,0,0.04498515563318506
42.0,0.04452868489139383,every_epoch_cue,0.044598217678949156,6.953278755528203e-05,6.929612750905534e-05,0.9417592485728737,0.3464263611042704,1,0.04498515563318506
44.0,0.04664909989362122,no_cue,0.04664904273321373,-5.716040751835294e-08,-2.619603964859607e-07,0.7961706624100594,0.6751914041299915,0,-0.17334284156095237
44.0,0.04664909989362122,periodic_cue,0.04671254904382999,6.344915020894959e-05,6.324435021953789e-05,0.7961706624100595,0.6751914041299912,0,-0.17334284156095237
44.0,0.04664909989362122,every_epoch_cue,0.04671860078506047,6.950089143931137e-05,6.929609144989968e-05,0.9417592485729245,0.34642636110411484,1,-0.17334284156095237
46.0,0.04876951509624017,no_cue,0.048769467408148616,-4.768809169775068e-08,-2.507695096021223e-07,0.7961706624100594,0.6751914041299915,0,0.06900920867337845
46.0,0.04876951509624017,periodic_cue,0.04883297371876485,6.345862252477019e-05,6.325554110642173e-05,0.7961706624100596,0.675191404129991,0,0.06900920867337845
46.0,0.04876951509624017,every_epoch_cue,0.04883901426521748,6.949916897713848e-05,6.929608755923411e-05,0.9417592485729646,0.346426361103992,1,0.06900920867337845
48.0,0.050889930508364725,no_cue,0.05088989178739899,-3.872096554502491e-08,-2.3349505307024288e-07,0.7961706624100594,0.6751914041299915,0,0.07000518753193319
48.0,0.050889930508364725,periodic_cue,0.05095339809801519,6.346758965047883e-05,6.32728155633977e-05,0.7961706624100595,0.6751914041299912,0,0.07000518753193319
48.0,0.050889930508364725,every_epoch_cue,0.05095942135920296,6.949085083807205e-05,6.929607675099092e-05,0.9417592485729879,0.34642636110392055,1,0.07000518753193319
50.0,0.05301034613910967,no_cue,0.05301031599936132,-3.013974847476675e-08,-2.196158899181455e-07,0.7961706624100595,0.6751914041299912,0,0.13984180754050612
50.0,0.05301034613910967,periodic_cue,0.05307983168527178,6.948554616226232e-05,6.929607002037486e-05,0.9417592485729912,0.34642636110391034,1,0.13984180754050612
50.0,0.05301034613910967,every_epoch_cue,0.0530798316852701,6.948554616048597e-05,6.929607001904259e-05,0.9417592485729913,0.34642636110391,1,0.13984180754050612
52.0,0.0551307619975905,no_cue,0.055130739901501566,-2.209608895853421e-08,-1.9792865524337344e-07,0.7961706624100595,0.6751914041299912,0,-0.05386973070562817
52.0,0.0551307619975905,periodic_cue,0.055194190462350065,6.342846475959618e-05,6.325263219331134e-05,0.7961706624100601,0.6751914041299902,0,-0.05386973070562817
52.0,0.0551307619975905,every_epoch_cue,0.05520023388884755,6.947189125705577e-05,6.929605869077093e-05,0.9417592485729743,0.346426361103962,1,-0.05386973070562817
54.0,0.05725117809292351,no_cue,0.05725116389844313,-1.4194480257856412e-08,-1.9509469462164475e-07,0.7961706624100595,0.6751914041299912,0,0.14563260198337957
54.0,0.05725117809292351,periodic_cue,0.05731461445929149,6.343636636785277e-05,6.325546615348898e-05,0.7961706624100594,0.6751914041299915,0,0.14563260198337957
54.0,0.05725117809292351,every_epoch_cue,0.05732065505395966,6.947696103631884e-05,6.929606082195505e-05,0.9417592485729396,0.34642636110406855,1,0.14563260198337957
56.0,0.05937159443422582,no_cue,0.05937158898414641,-5.450079498814375e-09,-2.2083023010210923e-07,0.7961706624100595,0.6751914041299912,0,0.09431182040134445
56.0,0.05937159443422582,periodic_cue,0.05943503954499484,6.34451107690559e-05,6.32297306184526e-05,0.7961706624100595,0.6751914041299912,0,0.09431182040134445
56.0,0.05937159443422582,every_epoch_cue,0.059441105910186524,6.951147596057083e-05,6.929609580996754e-05,0.9417592485728911,0.34642636110421726,1,0.09431182040134445
58.0,0.06149201103061533,no_cue,0.06149201403113661,3.000521164864267e-09,-2.0879553996877576e-07,0.7961706624100595,0.6751914041299912,0,0.07327443335088901
58.0,0.06149201103061533,periodic_cue,0.06155546459198526,6.345356136971958e-05,6.324176530858594e-05,0.7961706624100595,0.6751914041299912,0,0.07327443335088901
58.0,0.06149201103061533,every_epoch_cue,0.06156151892108826,6.950789047310835e-05,6.929609441153062e-05,0.9417592485728374,0.34642636110438163,1,0.07327443335088901
60.0,0.06361242789121084,no_cue,0.06361244059948586,1.2708274876871428e-08,-2.4734745407428704e-07,0.7961706624100596,0.675191404129991,0,0.29795728003955446
60.0,0.06361242789121084,periodic_cue,0.06368198409141816,6.955620020754338e-05,6.929614447814814e-05,0.9417592485727846,0.3464263611045436,1,0.29795728003955446
60.0,0.06361242789121084,every_epoch_cue,0.0636819840914165,6.955620020576703e-05,6.929614447637178e-05,0.9417592485727843,0.3464263611045446,1,0.29795728003955446
