seed,packet_loss_rate,delay,method,position_rmse,velocity_rmse,mean_angle_nis,mean_orbit_nees,mean_attitude_error_deg,received_report_count,dropped_report_count,pending_report_count,average_delay,realized_packet_loss_rate,failed,error
20260729,0.0,0.0,truth_attitude,0.4827849781259509,0.0020547945661853356,1.7686221824497494,0.001494757422370664,0.051271702015202474,366,0,0,0.0,0.0,False,
20260729,0.0,0.0,mekf_with_covariance,0.38762219455704294,0.0022125865075996645,1.009931314399279,0.001570005586701774,0.051271702015202474,366,0,0,0.0,0.0,False,
20260729,0.0,0.0,mekf_without_covariance,0.45143177090759384,0.002236320455347929,5.244146822086547,0.0016928338206721363,0.051271702015202474,366,0,0,0.0,0.0,False,
20260730,0.0,0.0,truth_attitude,0.5025974890182374,0.002218335447427584,1.5557093939701234,0.0017121653563938102,0.051439485368907294,366,0,0,0.0,0.0,False,
20260730,0.0,0.0,mekf_with_covariance,0.3608699891979272,0.0030941257886772187,1.1356418931349421,0.0028686758307345855,0.051439485368907294,366,0,0,0.0,0.0,False,
20260730,0.0,0.0,mekf_without_covariance,0.5547530623778469,0.0031872073700065467,5.2931519470473845,0.0033499371847707845,0.051439485368907294,366,0,0,0.0,0.0,False,
20260731,0.0,0.0,truth_attitude,0.4446664242381098,0.0024476171423677834,1.5402285672171476,0.0019197569067389397,0.049053258988941736,366,0,0,0.0,0.0,False,
20260731,0.0,0.0,mekf_with_covariance,0.4292069578690642,0.0026566653862681953,1.2310361913515242,0.0021449880817287336,0.049053258988941736,366,0,0,0.0,0.0,False,
20260731,0.0,0.0,mekf_without_covariance,0.5081062802616652,0.002615535344488573,5.387039515559219,0.0022596299203869285,0.049053258988941736,366,0,0,0.0,0.0,False,
20260732,0.0,0.0,truth_attitude,0.639424464470815,0.002958702811465131,1.961407560697625,0.0029946987632608045,0.0624069848180023,366,0,0,0.0,0.0,False,
20260732,0.0,0.0,mekf_with_covariance,0.4448851855756808,0.002809412969400871,1.484404459285829,0.002458797609216556,0.0624069848180023,366,0,0,0.0,0.0,False,
20260732,0.0,0.0,mekf_without_covariance,0.505216870910508,0.003425504528062411,7.177579213685857,0.0037234552282295556,0.0624069848180023,366,0,0,0.0,0.0,False,
20260733,0.0,0.0,truth_attitude,0.4773850255853365,0.002244737248929949,1.7382901671880762,0.0016765042180822208,0.06506027804623014,366,0,0,0.0,0.0,False,
20260733,0.0,0.0,mekf_with_covariance,0.408426111066848,0.002542624518116618,2.3135886417224616,0.001996549971183956,0.06506027804623014,366,0,0,0.0,0.0,False,
20260733,0.0,0.0,mekf_without_covariance,0.5794643603908807,0.002782908564641163,10.258832614892492,0.0025969691456131307,0.06506027804623014,366,0,0,0.0,0.0,False,
20260734,0.0,0.0,truth_attitude,0.3453549051011958,0.0022737443347066533,1.752274196552603,0.001655112547497267,0.05830293399563061,366,0,0,0.0,0.0,False,
20260734,0.0,0.0,mekf_with_covariance,0.38360534817842495,0.0028509568900246213,1.3293344640175129,0.002504062725626641,0.05830293399563061,366,0,0,0.0,0.0,False,
20260734,0.0,0.0,mekf_without_covariance,0.6467717965712473,0.0032386798960161957,6.889402478889644,0.0035858955409123656,0.05830293399563061,366,0,0,0.0,0.0,False,
20260735,0.0,0.0,truth_attitude,0.5575789699078373,0.0025951531806680896,1.6325142887564337,0.0022570980038514443,0.0706712173587486,366,0,0,0.0,0.0,False,
20260735,0.0,0.0,mekf_with_covariance,0.4012228577568782,0.003261188982136925,1.8567319215862346,0.0032057464885026465,0.0706712173587486,366,0,0,0.0,0.0,False,
20260735,0.0,0.0,mekf_without_covariance,0.667026476952966,0.0033371730341522523,8.657815616680255,0.0037707586102601947,0.0706712173587486,366,0,0,0.0,0.0,False,
20260736,0.0,0.0,truth_attitude,0.4466602335929323,0.003604105968480302,1.5149586404594781,0.0037157911974600756,0.05560981334828607,366,0,0,0.0,0.0,False,
20260736,0.0,0.0,mekf_with_covariance,0.3470203652984218,0.0038512090489700047,1.1868169130870154,0.004036811684644661,0.05560981334828607,366,0,0,0.0,0.0,False,
20260736,0.0,0.0,mekf_without_covariance,0.6916686082122047,0.0046605421114800805,5.834046565378582,0.006601512387482465,0.05560981334828607,366,0,0,0.0,0.0,False,
20260737,0.0,0.0,truth_attitude,0.5038102256633037,0.001967898730972197,1.689582072172212,0.0014150609718583378,0.07088450808251456,366,0,0,0.0,0.0,False,
20260737,0.0,0.0,mekf_with_covariance,0.34423612376259344,0.0025835716653692777,2.2712354724289483,0.001993703026259763,0.07088450808251456,366,0,0,0.0,0.0,False,
20260737,0.0,0.0,mekf_without_covariance,0.4125110547527716,0.0028393650432706995,9.218548893546116,0.0025567757273010595,0.07088450808251456,366,0,0,0.0,0.0,False,
20260738,0.0,0.0,truth_attitude,0.3941508502029963,0.0018649226525645048,1.6183993230874338,0.0011700910261967033,0.06166107915910718,366,0,0,0.0,0.0,False,
20260738,0.0,0.0,mekf_with_covariance,0.3735772861482738,0.003497808350796987,1.7599308598738945,0.0037462014376190397,0.06166107915910718,366,0,0,0.0,0.0,False,
20260738,0.0,0.0,mekf_without_covariance,0.4361694668902058,0.003487175652665793,7.758859692568963,0.0038234901396539565,0.06166107915910718,366,0,0,0.0,0.0,False,
20260739,0.0,0.0,truth_attitude,0.4476047156227139,0.002250571662979817,1.49746240052638,0.0016081352385166417,0.04815339326823762,366,0,0,0.0,0.0,False,
20260739,0.0,0.0,mekf_with_covariance,0.3949891623973394,0.002883570987480413,1.031953315553957,0.0024751383256525414,0.04815339326823762,366,0,0,0.0,0.0,False,
20260739,0.0,0.0,mekf_without_covariance,0.4646515851294934,0.0031544106259753313,4.847670131251743,0.003077003858110386,0.04815339326823762,366,0,0,0.0,0.0,False,
20260740,0.0,0.0,truth_attitude,0.5174287017903093,0.0022228656282429443,1.6169586038728996,0.0017286292309103097,0.06018716706889908,366,0,0,0.0,0.0,False,
20260740,0.0,0.0,mekf_with_covariance,0.389783189763923,0.002938610345352063,1.9537511962785572,0.0026784538943330025,0.06018716706889908,366,0,0,0.0,0.0,False,
20260740,0.0,0.0,mekf_without_covariance,0.503657027013399,0.0035418016289089508,10.774498844036811,0.003987946563513875,0.06018716706889908,366,0,0,0.0,0.0,False,
20260741,0.0,0.0,truth_attitude,0.40466138630771525,0.0030714533455661547,1.6105338985262334,0.0029531285980522364,0.055145452159106254,366,0,0,0.0,0.0,False,
20260741,0.0,0.0,mekf_with_covariance,0.32740805997691647,0.0033841368199585007,1.0209443667761198,0.0032720697651339495,0.055145452159106254,366,0,0,0.0,0.0,False,
20260741,0.0,0.0,mekf_without_covariance,0.5806660930337479,0.004029400063895015,6.04030695666514,0.005148777716659343,0.055145452159106254,366,0,0,0.0,0.0,False,
20260742,0.0,0.0,truth_attitude,0.5575868005975201,0.002420787872737743,1.5684790293468462,0.002017712914953119,0.06261707005827621,366,0,0,0.0,0.0,False,
20260742,0.0,0.0,mekf_with_covariance,0.39334682920950803,0.0024710777676980075,1.5205468389117016,0.0018530732814702456,0.06261707005827621,366,0,0,0.0,0.0,False,
20260742,0.0,0.0,mekf_without_covariance,0.38216422798416577,0.002803069829576152,6.992703431693872,0.002448693544782283,0.06261707005827621,366,0,0,0.0,0.0,False,
20260743,0.0,0.0,truth_attitude,0.39540761683861836,0.002677946388804713,1.7458008068872266,0.002159896729991191,0.054665065028850775,366,0,0,0.0,0.0,False,
20260743,0.0,0.0,mekf_with_covariance,0.3290177824822692,0.002826457125080208,1.2451875810864317,0.0022443974788545554,0.054665065028850775,366,0,0,0.0,0.0,False,
20260743,0.0,0.0,mekf_without_covariance,0.4093246147152025,0.0032030884925878943,6.496010617058078,0.003100284299460805,0.054665065028850775,366,0,0,0.0,0.0,False,
20260744,0.0,0.0,truth_attitude,0.6237044448681961,0.002587281394734545,1.7879092763060773,0.0023923267736467137,0.06126971553677731,366,0,0,0.0,0.0,False,
20260744,0.0,0.0,mekf_with_covariance,0.41292548366293785,0.0026494310551947674,1.8135477697076439,0.0021349752622088175,0.06126971553677731,366,0,0,0.0,0.0,False,
20260744,0.0,0.0,mekf_without_covariance,0.4820966602424971,0.0027239324660452814,7.824473210648872,0.0024551213364490056,0.06126971553677731,366,0,0,0.0,0.0,False,
20260745,0.0,0.0,truth_attitude,0.5283558964071662,0.0025729058795329954,1.5694847177781162,0.0021982220472061428,0.05970031559296897,366,0,0,0.0,0.0,False,
20260745,0.0,0.0,mekf_with_covariance,0.40439521304748655,0.0030882137458051848,1.3868072452756488,0.0027214118817706196,0.05970031559296897,366,0,0,0.0,0.0,False,
20260745,0.0,0.0,mekf_without_covariance,0.7096613386473366,0.0034468874372901304,7.257008122885646,0.004025959835472669,0.05970031559296897,366,0,0,0.0,0.0,False,
20260746,0.0,0.0,truth_attitude,0.5341291910248028,0.0027773585094851374,1.6768742456910237,0.0025241024896917427,0.049886169395359364,366,0,0,0.0,0.0,False,
20260746,0.0,0.0,mekf_with_covariance,0.347917045691423,0.0023447415109966066,0.928237737356472,0.0016487052503240014,0.049886169395359364,366,0,0,0.0,0.0,False,
20260746,0.0,0.0,mekf_without_covariance,0.4609185756542209,0.0035231406139075924,5.059355621976097,0.0038691072571999606,0.049886169395359364,366,0,0,0.0,0.0,False,
20260747,0.0,0.0,truth_attitude,0.3585710063014983,0.003635872222828997,1.917350558806833,0.0039831842854641765,0.0658311614146237,366,0,0,0.0,0.0,False,
20260747,0.0,0.0,mekf_with_covariance,0.36742679210700574,0.00414742184657982,2.334858039523688,0.004999222709380207,0.0658311614146237,366,0,0,0.0,0.0,False,
20260747,0.0,0.0,mekf_without_covariance,0.5090396888607451,0.004537775733727769,11.3259533032318,0.006323164141251023,0.0658311614146237,366,0,0,0.0,0.0,False,
20260748,0.0,0.0,truth_attitude,0.39996847995353146,0.00397880124510883,1.7248994099312238,0.0047796858729436675,0.06235548879555353,366,0,0,0.0,0.0,False,
20260748,0.0,0.0,mekf_with_covariance,0.40865053820952063,0.0037310322290800184,1.3227434984315243,0.003726718231695467,0.06235548879555353,366,0,0,0.0,0.0,False,
20260748,0.0,0.0,mekf_without_covariance,0.49549971757149924,0.004537200589285361,6.827112228873982,0.006280220297376426,0.06235548879555353,366,0,0,0.0,0.0,False,
20260749,0.0,0.0,truth_attitude,0.3789636196342476,0.002703884568752455,1.7795914300001028,0.002256443436833062,0.04986037638883533,366,0,0,0.0,0.0,False,
20260749,0.0,0.0,mekf_with_covariance,0.3697022182553851,0.002831307474907117,1.2451520018238882,0.0023640680975538027,0.04986037638883533,366,0,0,0.0,0.0,False,
20260749,0.0,0.0,mekf_without_covariance,0.41876846175155324,0.003032820888850749,6.140240242153789,0.0028598461048893156,0.04986037638883533,366,0,0,0.0,0.0,False,
20260750,0.0,0.0,truth_attitude,0.6215107349587982,0.0029286592927319243,1.648474967550026,0.0028747246674352624,0.06431685504176766,366,0,0,0.0,0.0,False,
20260750,0.0,0.0,mekf_with_covariance,0.4124312187035779,0.003660138910453824,1.7408653515305568,0.004014235598101613,0.06431685504176766,366,0,0,0.0,0.0,False,
20260750,0.0,0.0,mekf_without_covariance,0.5025524535437734,0.0041510491562769735,9.63453623914743,0.005340124412083748,0.06431685504176766,366,0,0,0.0,0.0,False,
20260751,0.0,0.0,truth_attitude,0.496673428378595,0.0026597504189402703,1.7723244898964396,0.0023264195748543774,0.05404879759999983,366,0,0,0.0,0.0,False,
20260751,0.0,0.0,mekf_with_covariance,0.40678792859605434,0.0035875859266243986,1.3754106583680077,0.003930495708454879,0.05404879759999983,366,0,0,0.0,0.0,False,
20260751,0.0,0.0,mekf_without_covariance,0.48930363885703854,0.0033539062632166584,6.2931722187236865,0.003571958571815206,0.05404879759999983,366,0,0,0.0,0.0,False,
20260752,0.0,0.0,truth_attitude,0.5538888518319925,0.0037982551611272807,1.8031410151233305,0.004488469908708169,0.06008300565430351,366,0,0,0.0,0.0,False,
20260752,0.0,0.0,mekf_with_covariance,0.4689021383794677,0.00371770975836498,1.4733187322711452,0.00393473455531824,0.06008300565430351,366,0,0,0.0,0.0,False,
20260752,0.0,0.0,mekf_without_covariance,0.6257926824624952,0.004609594015630071,6.672292910413742,0.006568163069892537,0.06008300565430351,366,0,0,0.0,0.0,False,
20260753,0.0,0.0,truth_attitude,0.39370986936495334,0.0023267292317888663,1.6497102810907478,0.0017589715435517438,0.056050956257864055,366,0,0,0.0,0.0,False,
20260753,0.0,0.0,mekf_with_covariance,0.3727240795874245,0.0029908815539362982,1.6995211376808523,0.0027083625856672935,0.056050956257864055,366,0,0,0.0,0.0,False,
20260753,0.0,0.0,mekf_without_covariance,0.4676340067052887,0.0031038577847727726,8.379235925422103,0.003111215958113007,0.056050956257864055,366,0,0,0.0,0.0,False,
20260754,0.0,0.0,truth_attitude,0.568149066867709,0.0026623395459766954,1.657480511623341,0.0024341300110798667,0.059708958257296975,366,0,0,0.0,0.0,False,
20260754,0.0,0.0,mekf_with_covariance,0.5552245510054054,0.003393388605056919,1.5303895474921327,0.0036278473735563725,0.059708958257296975,366,0,0,0.0,0.0,False,
20260754,0.0,0.0,mekf_without_covariance,0.5892199264910412,0.0035797751797616816,6.94334550319166,0.004178168443361325,0.059708958257296975,366,0,0,0.0,0.0,False,
20260755,0.0,0.0,truth_attitude,0.7035466072366285,0.0020735042741194267,1.6461736358788837,0.001806676592060385,0.05630289582434415,366,0,0,0.0,0.0,False,
20260755,0.0,0.0,mekf_with_covariance,0.40609949642138876,0.002160325536647201,1.7481025561794177,0.00152719406922796,0.05630289582434415,366,0,0,0.0,0.0,False,
20260755,0.0,0.0,mekf_without_covariance,0.4013264785077531,0.0026780152065806278,7.7774820293083335,0.00230355504195287,0.05630289582434415,366,0,0,0.0,0.0,False,
20260756,0.0,0.0,truth_attitude,0.4326381456439451,0.001807039986509663,1.6132378014412125,0.0011669485138952886,0.05352542304045021,366,0,0,0.0,0.0,False,
20260756,0.0,0.0,mekf_with_covariance,0.45296176557900425,0.0027789510531413962,1.2068710209012863,0.002482205856384175,0.05352542304045021,366,0,0,0.0,0.0,False,
20260756,0.0,0.0,mekf_without_covariance,0.6398943995422675,0.002632327932677244,5.322891629467457,0.002514103906478666,0.05352542304045021,366,0,0,0.0,0.0,False,
20260757,0.0,0.0,truth_attitude,0.4951109619319167,0.001967508063538189,1.6318420782562613,0.0013612728561414765,0.06257084249545514,366,0,0,0.0,0.0,False,
20260757,0.0,0.0,mekf_with_covariance,0.37136505274960624,0.0031818907875196547,1.8396345259546512,0.0030938604259372255,0.06257084249545514,366,0,0,0.0,0.0,False,
20260757,0.0,0.0,mekf_without_covariance,0.39535491594622846,0.00365875503158423,9.380993655709126,0.004119903528072702,0.06257084249545514,366,0,0,0.0,0.0,False,
20260758,0.0,0.0,truth_attitude,0.5415147037152716,0.0024655899382989136,1.7874847042388422,0.0020517766860788755,0.060529922057481325,366,0,0,0.0,0.0,False,
20260758,0.0,0.0,mekf_with_covariance,0.3325015578971613,0.00264908934741944,1.3016936334432498,0.0020318347031997776,0.060529922057481325,366,0,0,0.0,0.0,False,
20260758,0.0,0.0,mekf_without_covariance,0.695719513995538,0.0029883912099447803,5.85808214299992,0.0031197480605797316,0.060529922057481325,366,0,0,0.0,0.0,False,
20260729,0.1,0.0,truth_attitude,0.47415978462193664,0.0021028710387891174,1.720984811455791,0.0015378294640366315,0.051271702015202474,325,41,0,0.0,0.11202185792349727,False,
20260729,0.1,0.0,mekf_with_covariance,0.39009314472230927,0.002238203513739363,1.006003304159014,0.0016028609863163383,0.051271702015202474,325,41,0,0.0,0.11202185792349727,False,
20260729,0.1,0.0,mekf_without_covariance,0.44108453496059213,0.002250921526598706,5.183414582099558,0.0017120663111275072,0.051271702015202474,325,41,0,0.0,0.11202185792349727,False,
20260730,0.1,0.0,truth_attitude,0.425953328017246,0.002449032984864873,1.5813689444857606,0.001957801035168495,0.051439485368907294,320,46,0,0.0,0.12568306010928962,False,
20260730,0.1,0.0,mekf_with_covariance,0.3643171352605958,0.0032190324125817684,1.1147251631176875,0.0030589022889178424,0.051439485368907294,320,46,0,0.0,0.12568306010928962,False,
20260730,0.1,0.0,mekf_without_covariance,0.5069381382483433,0.0033038984697635436,5.173196602182947,0.0035073140614383064,0.051439485368907294,320,46,0,0.0,0.12568306010928962,False,
20260731,0.1,0.0,truth_attitude,0.37192459411887235,0.002455353728571701,1.5296124355512344,0.0018625525741389583,0.049053258988941736,332,34,0,0.0,0.09289617486338798,False,
20260731,0.1,0.0,mekf_with_covariance,0.3834486186133642,0.002671297496093416,1.2193342238540505,0.002125710390009057,0.049053258988941736,332,34,0,0.0,0.09289617486338798,False,
20260731,0.1,0.0,mekf_without_covariance,0.596405143576882,0.002720086000727727,5.482593858626564,0.0025305503671692593,0.049053258988941736,332,34,0,0.0,0.09289617486338798,False,
20260732,0.1,0.0,truth_attitude,0.4988655350947272,0.002307485224467741,1.9569248987874834,0.0018147211338293812,0.0624069848180023,325,41,0,0.0,0.11202185792349727,False,
20260732,0.1,0.0,mekf_with_covariance,0.4271709801731028,0.002890447577607245,1.4502837998322788,0.002548917401339559,0.0624069848180023,325,41,0,0.0,0.11202185792349727,False,
20260732,0.1,0.0,mekf_without_covariance,0.4505891775479124,0.003710894355813604,6.211025877363823,0.00429657232981202,0.0624069848180023,325,41,0,0.0,0.11202185792349727,False,
20260733,0.1,0.0,truth_attitude,0.5669459727611871,0.002183628779661295,1.691672979084829,0.0016982679110906559,0.06506027804623014,336,30,0,0.0,0.08196721311475409,False,
20260733,0.1,0.0,mekf_with_covariance,0.416500980540397,0.002568484821505642,2.3442988853546454,0.0020462365603733435,0.06506027804623014,336,30,0,0.0,0.08196721311475409,False,
20260733,0.1,0.0,mekf_without_covariance,0.5047005143324205,0.002725439634072662,10.115199576676693,0.0024340471951661983,0.06506027804623014,336,30,0,0.0,0.08196721311475409,False,
20260734,0.1,0.0,truth_attitude,0.3577017322789587,0.002163885598972672,1.8327787305191425,0.0015179041725879932,0.05830293399563061,328,38,0,0.0,0.10382513661202186,False,
20260734,0.1,0.0,mekf_with_covariance,0.35921915425408096,0.0029547374800459854,1.3359839863515628,0.0026528598333684216,0.05830293399563061,328,38,0,0.0,0.10382513661202186,False,
20260734,0.1,0.0,mekf_without_covariance,0.49407564114870844,0.003417538112191287,6.728688638606111,0.003733577337602102,0.05830293399563061,328,38,0,0.0,0.10382513661202186,False,
20260735,0.1,0.0,truth_attitude,0.7293208577095637,0.0025343969612749468,1.6797153479916855,0.0024325098695614136,0.0706712173587486,328,38,0,0.0,0.10382513661202186,False,
20260735,0.1,0.0,mekf_with_covariance,0.42695765896341265,0.00324167796263906,1.879558959813461,0.0032146979207562532,0.0706712173587486,328,38,0,0.0,0.10382513661202186,False,
20260735,0.1,0.0,mekf_without_covariance,0.4320521202627225,0.003280393311344294,8.6956017095526,0.0033703191289306458,0.0706712173587486,328,38,0,0.0,0.10382513661202186,False,
20260736,0.1,0.0,truth_attitude,0.47119084216988355,0.0035789063683705933,1.4886196582847055,0.003693325995743395,0.05560981334828607,335,31,0,0.0,0.08469945355191257,False,
20260736,0.1,0.0,mekf_with_covariance,0.3930589537317088,0.0038742367636995477,1.175709529615072,0.004121754432408046,0.05560981334828607,335,31,0,0.0,0.08469945355191257,False,
20260736,0.1,0.0,mekf_without_covariance,0.5542535712666573,0.00468235333520735,5.7481704150889605,0.0064772010356837035,0.05560981334828607,335,31,0,0.0,0.08469945355191257,False,
20260737,0.1,0.0,truth_attitude,0.6049484673504634,0.0019811343462948355,1.7359449202981352,0.0015563194816404155,0.07088450808251456,329,37,0,0.0,0.10109289617486339,False,
20260737,0.1,0.0,mekf_with_covariance,0.32509825200597897,0.002590268425106574,2.147842495981341,0.0019907327777910163,0.07088450808251456,329,37,0,0.0,0.10109289617486339,False,
20260737,0.1,0.0,mekf_without_covariance,0.38573226131750593,0.0028351497510342104,9.167790413047902,0.0025269562020069285,0.07088450808251456,329,37,0,0.0,0.10109289617486339,False,
20260738,0.1,0.0,truth_attitude,0.39652815494774424,0.0018591483326011477,1.618010695377496,0.0011685371127649383,0.06166107915910718,323,43,0,0.0,0.11748633879781421,False,
20260738,0.1,0.0,mekf_with_covariance,0.3565733362868857,0.003475382089439945,1.672097568531661,0.003687637488810167,0.06166107915910718,323,43,0,0.0,0.11748633879781421,False,
20260738,0.1,0.0,mekf_without_covariance,0.5066254403834002,0.0034906682328162677,7.829367614937691,0.003899728914233842,0.06166107915910718,323,43,0,0.0,0.11748633879781421,False,
20260739,0.1,0.0,truth_attitude,0.5577525588741887,0.0022485626391777484,1.4646037227431281,0.0017281071559313067,0.04815339326823762,323,43,0,0.0,0.11748633879781421,False,
20260739,0.1,0.0,mekf_with_covariance,0.40961714960432377,0.0028562407148714055,1.0152984190504255,0.002440473069827131,0.04815339326823762,323,43,0,0.0,0.11748633879781421,False,
20260739,0.1,0.0,mekf_without_covariance,0.5548161884571676,0.0031416374388182197,4.701028096597509,0.0031483094789876626,0.04815339326823762,323,43,0,0.0,0.11748633879781421,False,
20260740,0.1,0.0,truth_attitude,0.5097208940228645,0.0022017304915538166,1.6221986313697556,0.0016959567440229786,0.06018716706889908,331,35,0,0.0,0.09562841530054644,False,
20260740,0.1,0.0,mekf_with_covariance,0.3683018660039932,0.002935834198098864,1.9476872356274444,0.0026577417234347317,0.06018716706889908,331,35,0,0.0,0.09562841530054644,False,
20260740,0.1,0.0,mekf_without_covariance,0.3951597094754028,0.0035728093178327164,10.838441765833913,0.003955975104146562,0.06018716706889908,331,35,0,0.0,0.09562841530054644,False,
20260741,0.1,0.0,truth_attitude,0.40415077468007166,0.0032819175524653947,1.611421624699308,0.0033240430047541914,0.055145452159106254,334,32,0,0.0,0.08743169398907104,False,
20260741,0.1,0.0,mekf_with_covariance,0.35552694323961004,0.0037124971913746634,1.0113792412630764,0.003836219610814834,0.055145452159106254,334,32,0,0.0,0.08743169398907104,False,
20260741,0.1,0.0,mekf_without_covariance,0.5198226021691761,0.004490773302146809,5.7835146737258105,0.0062069557437253306,0.055145452159106254,334,32,0,0.0,0.08743169398907104,False,
20260742,0.1,0.0,truth_attitude,0.5249353497165423,0.002422044685779952,1.5766587062052086,0.0019836138970516634,0.06261707005827621,330,36,0,0.0,0.09836065573770492,False,
20260742,0.1,0.0,mekf_with_covariance,0.3873496012058616,0.002460315052502672,1.4937746753884886,0.00183092756229351,0.06261707005827621,330,36,0,0.0,0.09836065573770492,False,
20260742,0.1,0.0,mekf_without_covariance,0.4084276962695441,0.0028018637076256143,7.071875337887349,0.002470055331506962,0.06261707005827621,330,36,0,0.0,0.09836065573770492,False,
20260743,0.1,0.0,truth_attitude,0.5364092912931095,0.002712343173806675,1.7841819626179352,0.0023830739211495714,0.054665065028850775,329,37,0,0.0,0.10109289617486339,False,
20260743,0.1,0.0,mekf_with_covariance,0.36250693683833485,0.0026876070669875907,1.230065751795583,0.002128269449222844,0.054665065028850775,329,37,0,0.0,0.10109289617486339,False,
20260743,0.1,0.0,mekf_without_covariance,0.29750987416504066,0.0031658979087535056,6.322268587787399,0.0029682915021098217,0.054665065028850775,329,37,0,0.0,0.10109289617486339,False,
20260744,0.1,0.0,truth_attitude,0.5316642574320674,0.0025275827044714924,1.7965712437470411,0.002188991886891233,0.06126971553677731,328,38,0,0.0,0.10382513661202186,False,
20260744,0.1,0.0,mekf_with_covariance,0.4810589531463972,0.0026569862697254833,1.7739815082909345,0.002209681524770178,0.06126971553677731,328,38,0,0.0,0.10382513661202186,False,
20260744,0.1,0.0,mekf_without_covariance,0.5213940503534377,0.002834987187612577,7.469917790850759,0.0026828751779993253,0.06126971553677731,328,38,0,0.0,0.10382513661202186,False,
20260745,0.1,0.0,truth_attitude,0.4894781914948067,0.002409302587382967,1.5641075564022757,0.0018842432348520472,0.05970031559296897,328,38,0,0.0,0.10382513661202186,False,
20260745,0.1,0.0,mekf_with_covariance,0.4294643667070611,0.0031690074720959922,1.4139425075064889,0.0028766594501473974,0.05970031559296897,328,38,0,0.0,0.10382513661202186,False,
20260745,0.1,0.0,mekf_without_covariance,0.5177323354342129,0.003653434504869886,7.0127247069358365,0.004175624115278013,0.05970031559296897,328,38,0,0.0,0.10382513661202186,False,
20260746,0.1,0.0,truth_attitude,0.5935295410852739,0.0026756065369539957,1.6769091417639534,0.0024445290328668516,0.049886169395359364,342,24,0,0.0,0.06557377049180328,False,
20260746,0.1,0.0,mekf_with_covariance,0.36933456419500615,0.0040176758240664055,0.9547690494629343,0.004409258140823084,0.049886169395359364,342,24,0,0.0,0.06557377049180328,False,
20260746,0.1,0.0,mekf_without_covariance,0.38369595595210354,0.00433351753915296,5.081576378340381,0.005646292181762781,0.049886169395359364,342,24,0,0.0,0.06557377049180328,False,
20260747,0.1,0.0,truth_attitude,0.33974738011819666,0.003595271122397555,1.9134191367523972,0.0038808031576699448,0.0658311614146237,326,40,0,0.0,0.1092896174863388,False,
20260747,0.1,0.0,mekf_with_covariance,0.36545209478095597,0.004140982130095525,2.325590366329106,0.004977870558458306,0.0658311614146237,326,40,0,0.0,0.1092896174863388,False,
20260747,0.1,0.0,mekf_without_covariance,0.49944667026904643,0.004544208654715245,11.186086735421208,0.006348170921948952,0.0658311614146237,326,40,0,0.0,0.1092896174863388,False,
20260748,0.1,0.0,truth_attitude,0.7325039455727175,0.00251714944808817,1.6772088426980012,0.002479331110647964,0.06235548879555353,320,46,0,0.0,0.12568306010928962,False,
20260748,0.1,0.0,mekf_with_covariance,0.41009157859076,0.0037647248729227546,1.2730785504832791,0.0038088988341947586,0.06235548879555353,320,46,0,0.0,0.12568306010928962,False,
20260748,0.1,0.0,mekf_without_covariance,0.5061514128737471,0.0033341577733934174,6.099342527637535,0.0035916830493244126,0.06235548879555353,320,46,0,0.0,0.12568306010928962,False,
20260749,0.1,0.0,truth_attitude,0.5215504613788783,0.002564638282643674,1.7895521245332762,0.002188530072960205,0.04986037638883533,325,41,0,0.0,0.11202185792349727,False,
20260749,0.1,0.0,mekf_with_covariance,0.31994849684595084,0.0026464189657653962,1.2381837610572763,0.0020841597617734793,0.04986037638883533,325,41,0,0.0,0.11202185792349727,False,
20260749,0.1,0.0,mekf_without_covariance,0.38372748462496853,0.0027656981173340366,5.935891201253661,0.00238875929934015,0.04986037638883533,325,41,0,0.0,0.11202185792349727,False,
20260750,0.1,0.0,truth_attitude,0.3895905253603742,0.0028599814083575064,1.6948567745763605,0.002496541265722246,0.06431685504176766,341,25,0,0.0,0.06830601092896176,False,
20260750,0.1,0.0,mekf_with_covariance,0.3333017126189657,0.0036664568053440694,1.6934612067485713,0.0039597612975178125,0.06431685504176766,341,25,0,0.0,0.06830601092896176,False,
20260750,0.1,0.0,mekf_without_covariance,0.4455131582952331,0.005729035218927381,9.581316751442676,0.009808299325503284,0.06431685504176766,341,25,0,0.0,0.06830601092896176,False,
20260751,0.1,0.0,truth_attitude,0.5558832212876487,0.002477668176273736,1.6934564090741484,0.0020987423335260534,0.05404879759999983,319,47,0,0.0,0.1284153005464481,False,
20260751,0.1,0.0,mekf_with_covariance,0.42145918401043875,0.0035410490374294754,1.3780997714168344,0.00383782325026035,0.05404879759999983,319,47,0,0.0,0.1284153005464481,False,
20260751,0.1,0.0,mekf_without_covariance,0.41339851252020066,0.0035716101668003745,6.375590463541535,0.003927156368742566,0.05404879759999983,319,47,0,0.0,0.1284153005464481,False,
20260752,0.1,0.0,truth_attitude,0.4810513953402467,0.0038460326578997305,1.8722773635392478,0.004505499837915875,0.06008300565430351,330,36,0,0.0,0.09836065573770492,False,
20260752,0.1,0.0,mekf_with_covariance,0.4632942942917218,0.003737129238383262,1.4736179873481245,0.00397011247727981,0.06008300565430351,330,36,0,0.0,0.09836065573770492,False,
20260752,0.1,0.0,mekf_without_covariance,0.5128324799320552,0.0046322511811637485,6.631776518706156,0.006496282332565589,0.06008300565430351,330,36,0,0.0,0.09836065573770492,False,
20260753,0.1,0.0,truth_attitude,0.3352600031927827,0.0023663514473676855,1.6388985033618428,0.0017657130370999166,0.056050956257864055,328,38,0,0.0,0.10382513661202186,False,
20260753,0.1,0.0,mekf_with_covariance,0.3570866625414048,0.002996629314447054,1.6777059048305987,0.0027026775699454135,0.056050956257864055,328,38,0,0.0,0.10382513661202186,False,
20260753,0.1,0.0,mekf_without_covariance,0.6303525362066694,0.0031409175924490516,8.169514748485891,0.0033764409131079995,0.056050956257864055,328,38,0,0.0,0.10382513661202186,False,
20260754,0.1,0.0,truth_attitude,0.6137300168563885,0.002697046162646252,1.6447771916472431,0.002549894839979098,0.059708958257296975,332,34,0,0.0,0.09289617486338798,False,
20260754,0.1,0.0,mekf_with_covariance,0.5374683507174672,0.003474832835497285,1.4606257216610958,0.0037739434226567643,0.059708958257296975,332,34,0,0.0,0.09289617486338798,False,
20260754,0.1,0.0,mekf_without_covariance,0.645273572660352,0.003674505191599835,6.9810427943912865,0.004460462711903956,0.059708958257296975,332,34,0,0.0,0.09289617486338798,False,
20260755,0.1,0.0,truth_attitude,0.40580222241807945,0.0017037358485061213,1.6511713996478583,0.0009853133312954761,0.05630289582434415,327,39,0,0.0,0.10655737704918032,False,
20260755,0.1,0.0,mekf_with_covariance,0.3883183908241269,0.002247625762786733,1.7303464190908273,0.001597245083429986,0.05630289582434415,327,39,0,0.0,0.10655737704918032,False,
20260755,0.1,0.0,mekf_without_covariance,0.518234777902746,0.003219362064823156,7.782407687867812,0.0033074538613002504,0.05630289582434415,327,39,0,0.0,0.10655737704918032,False,
20260756,0.1,0.0,truth_attitude,0.5617809583740669,0.0018025272035442276,1.625867258887989,0.0013042321507020426,0.05352542304045021,342,24,0,0.0,0.06557377049180328,False,
20260756,0.1,0.0,mekf_with_covariance,0.434948875558574,0.0027868156381231496,1.2492515546156138,0.0024754876577608104,0.05352542304045021,342,24,0,0.0,0.06557377049180328,False,
20260756,0.1,0.0,mekf_without_covariance,0.4532656459007194,0.002627928468791651,5.073825729140197,0.0022801652189632054,0.05352542304045021,342,24,0,0.0,0.06557377049180328,False,
20260757,0.1,0.0,truth_attitude,0.6333736215549536,0.002430715257467424,1.7119291184328707,0.002136105948843456,0.06257084249545514,331,35,0,0.0,0.09562841530054644,False,
20260757,0.1,0.0,mekf_with_covariance,0.3444859261513912,0.003389438333834216,1.824563019278973,0.00345317502510546,0.06257084249545514,331,35,0,0.0,0.09562841530054644,False,
20260757,0.1,0.0,mekf_without_covariance,0.32727612676718787,0.004728376478929761,9.670064565925292,0.006720838734423243,0.06257084249545514,331,35,0,0.0,0.09562841530054644,False,
20260758,0.1,0.0,truth_attitude,0.72533120626292,0.00240309258185998,1.7797388144649824,0.002232623609854965,0.060529922057481325,328,38,0,0.0,0.10382513661202186,False,
20260758,0.1,0.0,mekf_with_covariance,0.3522237775118114,0.0025639716441036406,1.2626728747289147,0.0019266979804163317,0.060529922057481325,328,38,0,0.0,0.10382513661202186,False,
20260758,0.1,0.0,mekf_without_covariance,0.5295997551477185,0.002944086229249119,5.866449405570292,0.002813749509601788,0.060529922057481325,328,38,0,0.0,0.10382513661202186,False,
20260729,0.2,0.0,truth_attitude,0.41720616591258264,0.00210577123022012,1.7426488178394426,0.0014941318239480444,0.051271702015202474,287,79,0,0.0,0.21584699453551912,False,
20260729,0.2,0.0,mekf_with_covariance,0.4225401693586401,0.0025452284227456914,1.0064749292111987,0.002058994620536511,0.051271702015202474,287,79,0,0.0,0.21584699453551912,False,
20260729,0.2,0.0,mekf_without_covariance,0.4049386712354915,0.002476597297873144,5.126757218046563,0.0019939473526000384,0.051271702015202474,287,79,0,0.0,0.21584699453551912,False,
20260730,0.2,0.0,truth_attitude,0.47629371358427813,0.00291534292285995,1.596770578606666,0.002711864832188863,0.051439485368907294,288,78,0,0.0,0.21311475409836064,False,
20260730,0.2,0.0,mekf_with_covariance,0.427013749005497,0.0034096537073679783,1.0636035838765192,0.003459188438194483,0.051439485368907294,288,78,0,0.0,0.21311475409836064,False,
20260730,0.2,0.0,mekf_without_covariance,0.45850129986701776,0.0036320418718322534,5.134213532638124,0.0041000911722893114,0.051439485368907294,288,78,0,0.0,0.21311475409836064,False,
20260731,0.2,0.0,truth_attitude,0.4765516164438677,0.002524595957775178,1.5654896738497315,0.00206365631800898,0.049053258988941736,288,78,0,0.0,0.21311475409836064,False,
20260731,0.2,0.0,mekf_with_covariance,0.3935272854758125,0.002670093236377939,1.2029947688885363,0.0021527893553547586,0.049053258988941736,288,78,0,0.0,0.21311475409836064,False,
20260731,0.2,0.0,mekf_without_covariance,0.5119112848187054,0.0027010003332632415,5.121461624168639,0.0023945003397363007,0.049053258988941736,288,78,0,0.0,0.21311475409836064,False,
20260732,0.2,0.0,truth_attitude,0.5562824044838189,0.002650180532619306,1.9506777077529676,0.0023855837688040826,0.0624069848180023,286,80,0,0.0,0.2185792349726776,False,
20260732,0.2,0.0,mekf_with_covariance,0.4491035617521008,0.0030586925928586276,1.4366415372916879,0.0027890489560908433,0.0624069848180023,286,80,0,0.0,0.2185792349726776,False,
20260732,0.2,0.0,mekf_without_covariance,0.49449208028607433,0.003959227367871582,6.458205976117927,0.004875322539461844,0.0624069848180023,286,80,0,0.0,0.2185792349726776,False,
20260733,0.2,0.0,truth_attitude,0.39363393454542656,0.0029037987570302774,1.7113448813443743,0.002616492371613907,0.06506027804623014,288,78,0,0.0,0.21311475409836064,False,
20260733,0.2,0.0,mekf_with_covariance,0.3752963809995138,0.0033902570099933076,2.361670204447421,0.0032755397411313347,0.06506027804623014,288,78,0,0.0,0.21311475409836064,False,
20260733,0.2,0.0,mekf_without_covariance,0.4133280242769022,0.003917398392656814,9.508159504786011,0.0046926116462969545,0.06506027804623014,288,78,0,0.0,0.21311475409836064,False,
20260734,0.2,0.0,truth_attitude,0.5148127943325111,0.002039082689137239,1.7959977686191364,0.0015158435816540513,0.05830293399563061,294,72,0,0.0,0.19672131147540983,False,
20260734,0.2,0.0,mekf_with_covariance,0.36905783145257676,0.0029488398341691543,1.271938015963314,0.0026210344046110694,0.05830293399563061,294,72,0,0.0,0.19672131147540983,False,
20260734,0.2,0.0,mekf_without_covariance,0.5132938463772289,0.0034722688398950916,6.54530449308232,0.003856874642322368,0.05830293399563061,294,72,0,0.0,0.19672131147540983,False,
20260735,0.2,0.0,truth_attitude,0.5710684815388384,0.002499836885966254,1.676539068612376,0.0021568114749400515,0.0706712173587486,293,73,0,0.0,0.1994535519125683,False,
20260735,0.2,0.0,mekf_with_covariance,0.4294759336097458,0.0033500133633515812,1.8220725582919037,0.0033888111996607266,0.0706712173587486,293,73,0,0.0,0.1994535519125683,False,
20260735,0.2,0.0,mekf_without_covariance,0.4894587616366281,0.0035097253366164643,8.20289429498616,0.003876882154182221,0.0706712173587486,293,73,0,0.0,0.1994535519125683,False,
20260736,0.2,0.0,truth_attitude,0.362580949238691,0.003568556794387679,1.5477123843043872,0.003564471847706529,0.05560981334828607,288,78,0,0.0,0.21311475409836064,False,
20260736,0.2,0.0,mekf_with_covariance,0.3514428318272969,0.003923764647095544,1.1422083926164468,0.004204272792498139,0.05560981334828607,288,78,0,0.0,0.21311475409836064,False,
20260736,0.2,0.0,mekf_without_covariance,0.3610998242343915,0.004676613956877572,5.647053427859976,0.006269133000445081,0.05560981334828607,288,78,0,0.0,0.21311475409836064,False,
20260737,0.2,0.0,truth_attitude,0.6474805651600996,0.0019065604547801307,1.7037604674733895,0.001532394361475553,0.07088450808251456,296,70,0,0.0,0.1912568306010929,False,
20260737,0.2,0.0,mekf_with_covariance,0.3509908689893784,0.002604831703272634,2.1850853127425163,0.002018253215686601,0.07088450808251456,296,70,0,0.0,0.1912568306010929,False,
20260737,0.2,0.0,mekf_without_covariance,0.3517746530259861,0.0025956003332787856,8.988641626785935,0.0021118810700205617,0.07088450808251456,296,70,0,0.0,0.1912568306010929,False,
20260738,0.2,0.0,truth_attitude,0.6283070225244862,0.0018432478987260765,1.6509722630706318,0.0014158809700553522,0.06166107915910718,286,80,0,0.0,0.2185792349726776,False,
20260738,0.2,0.0,mekf_with_covariance,0.3567290882908952,0.0034665297733183545,1.6761056452637415,0.0036481090877314814,0.06166107915910718,286,80,0,0.0,0.2185792349726776,False,
20260738,0.2,0.0,mekf_without_covariance,0.4525589532348194,0.0033491371339104993,7.310415117539344,0.0035351153775787167,0.06166107915910718,286,80,0,0.0,0.2185792349726776,False,
20260739,0.2,0.0,truth_attitude,0.5482392960710999,0.002310478411602329,1.496042237734798,0.0017981358315809681,0.04815339326823762,282,84,0,0.0,0.22950819672131148,False,
20260739,0.2,0.0,mekf_with_covariance,0.43361810281920254,0.0029237009260895635,0.9932591112995038,0.00258712535130026,0.04815339326823762,282,84,0,0.0,0.22950819672131148,False,
20260739,0.2,0.0,mekf_without_covariance,0.46251659373303544,0.0031149903186452207,4.633527705912662,0.0030060505359651582,0.04815339326823762,282,84,0,0.0,0.22950819672131148,False,
20260740,0.2,0.0,truth_attitude,0.4911613181922631,0.002225849768918852,1.6776945583085656,0.0017065929168451387,0.06018716706889908,297,69,0,0.0,0.1885245901639344,False,
20260740,0.2,0.0,mekf_with_covariance,0.4288823660184155,0.002924748559232191,1.9186568905891996,0.0026939724922348906,0.06018716706889908,297,69,0,0.0,0.1885245901639344,False,
20260740,0.2,0.0,mekf_without_covariance,0.4660093700051799,0.0036276871447742678,10.664955050558053,0.004153176857573165,0.06018716706889908,297,69,0,0.0,0.1885245901639344,False,
20260741,0.2,0.0,truth_attitude,0.5497390744899493,0.0031549220815030817,1.6512858648552824,0.0032343482144248092,0.055145452159106254,292,74,0,0.0,0.20218579234972678,False,
20260741,0.2,0.0,mekf_with_covariance,0.3312986490660236,0.004875721706058303,0.9965514836038333,0.006157957765759254,0.055145452159106254,292,74,0,0.0,0.20218579234972678,False,
20260741,0.2,0.0,mekf_without_covariance,0.37993520165533734,0.005634327494019095,5.86916383852901,0.00939595222303746,0.055145452159106254,292,74,0,0.0,0.20218579234972678,False,
20260742,0.2,0.0,truth_attitude,0.4288261493330656,0.002264765417408799,1.5455519771983128,0.0016480770261794587,0.06261707005827621,281,85,0,0.0,0.23224043715846995,False,
20260742,0.2,0.0,mekf_with_covariance,0.35774721778658825,0.002619399063841479,1.4459587501126183,0.002022009697826126,0.06261707005827621,281,85,0,0.0,0.23224043715846995,False,
20260742,0.2,0.0,mekf_without_covariance,0.3920625527985938,0.002625243437203537,6.804945922601478,0.002155481068462653,0.06261707005827621,281,85,0,0.0,0.23224043715846995,False,
20260743,0.2,0.0,truth_attitude,0.3578976862352808,0.0025655453215007555,1.7528998902031212,0.0020053447253809576,0.054665065028850775,290,76,0,0.0,0.20765027322404372,False,
20260743,0.2,0.0,mekf_with_covariance,0.39881190373290876,0.0027956975906251315,1.204586985262215,0.0023650507715776642,0.054665065028850775,290,76,0,0.0,0.20765027322404372,False,
20260743,0.2,0.0,mekf_without_covariance,0.38164607634777425,0.003072028700081287,6.106301945530782,0.0028863980292617697,0.054665065028850775,290,76,0,0.0,0.20765027322404372,False,
20260744,0.2,0.0,truth_attitude,0.5641332139397387,0.0025623960355609203,1.8219757678827242,0.00228216391635838,0.06126971553677731,289,77,0,0.0,0.2103825136612022,False,
20260744,0.2,0.0,mekf_with_covariance,0.4769565034791583,0.0026397753329286517,1.751460326750705,0.0021779911516609978,0.06126971553677731,289,77,0,0.0,0.2103825136612022,False,
20260744,0.2,0.0,mekf_without_covariance,0.4097574991719994,0.0028712134223051857,7.424662996770767,0.002628736289457445,0.06126971553677731,289,77,0,0.0,0.2103825136612022,False,
20260745,0.2,0.0,truth_attitude,0.7342390056006113,0.002445549835648627,1.5830863557335335,0.002308064504354128,0.05970031559296897,291,75,0,0.0,0.20491803278688525,False,
20260745,0.2,0.0,mekf_with_covariance,0.4539917977444799,0.0032358119764636455,1.3973849846461066,0.0030612889611432766,0.05970031559296897,291,75,0,0.0,0.20491803278688525,False,
20260745,0.2,0.0,mekf_without_covariance,0.5337606621163932,0.003962953164838112,6.9753630992902815,0.0049259567702680095,0.05970031559296897,291,75,0,0.0,0.20491803278688525,False,
20260746,0.2,0.0,truth_attitude,0.40556276009694725,0.002660861047407324,1.7053445238211367,0.002215137431013425,0.049886169395359364,304,62,0,0.0,0.16939890710382513,False,
20260746,0.2,0.0,mekf_with_covariance,0.3812772324509689,0.004013461655539234,0.9628512109516352,0.004413158208940402,0.049886169395359364,304,62,0,0.0,0.16939890710382513,False,
20260746,0.2,0.0,mekf_without_covariance,0.3873920024893023,0.0042537975407669765,5.069536298522702,0.005441123431294056,0.049886169395359364,304,62,0,0.0,0.16939890710382513,False,
20260747,0.2,0.0,truth_attitude,0.649696485533547,0.00332795556123769,1.9292616341171693,0.0036727874861958313,0.0658311614146237,291,75,0,0.0,0.20491803278688525,False,
20260747,0.2,0.0,mekf_with_covariance,0.34745517326196784,0.004404741072672317,2.2272096262035843,0.005601372804880256,0.0658311614146237,291,75,0,0.0,0.20491803278688525,False,
20260747,0.2,0.0,mekf_without_covariance,0.5312842340323822,0.0044798787097135775,10.587823309865646,0.006204064235552075,0.0658311614146237,291,75,0,0.0,0.20491803278688525,False,
20260748,0.2,0.0,truth_attitude,0.5288432671842092,0.002495137727157212,1.6797868424741311,0.0021541279025141637,0.06235548879555353,283,83,0,0.0,0.226775956284153,False,
20260748,0.2,0.0,mekf_with_covariance,0.385658817135357,0.003987273233563857,1.248646049523831,0.004296155750969808,0.06235548879555353,283,83,0,0.0,0.226775956284153,False,
20260748,0.2,0.0,mekf_without_covariance,0.4605280999742059,0.003313753671756784,6.126038925918741,0.003503684058720363,0.06235548879555353,283,83,0,0.0,0.226775956284153,False,
20260749,0.2,0.0,truth_attitude,0.5504085163676091,0.002525759486385456,1.7854649109489915,0.0021613240149265293,0.04986037638883533,286,80,0,0.0,0.2185792349726776,False,
20260749,0.2,0.0,mekf_with_covariance,0.4138071094823564,0.0026482579577345104,1.2272247933243627,0.0021621533127710512,0.04986037638883533,286,80,0,0.0,0.2185792349726776,False,
20260749,0.2,0.0,mekf_without_covariance,0.4838963705174359,0.0027887348396784346,5.905936145034631,0.002516643014460936,0.04986037638883533,286,80,0,0.0,0.2185792349726776,False,
20260750,0.2,0.0,truth_attitude,0.4057873944834672,0.002790310292125749,1.656710260635063,0.002450656369790552,0.06431685504176766,307,59,0,0.0,0.16120218579234974,False,
20260750,0.2,0.0,mekf_with_covariance,0.3373853550534321,0.003778068936798535,1.66874812060661,0.004276555451645396,0.06431685504176766,307,59,0,0.0,0.16120218579234974,False,
20260750,0.2,0.0,mekf_without_covariance,0.4398700582161751,0.004937581233530199,9.653846353875657,0.007397948334115142,0.06431685504176766,307,59,0,0.0,0.16120218579234974,False,
20260751,0.2,0.0,truth_attitude,0.49270629487224094,0.0025115766413595767,1.7307483597057443,0.002081144396063429,0.05404879759999983,282,84,0,0.0,0.22950819672131148,False,
20260751,0.2,0.0,mekf_with_covariance,0.40358424083172256,0.0035669821029042227,1.3643345787016496,0.0038732222696529484,0.05404879759999983,282,84,0,0.0,0.22950819672131148,False,
20260751,0.2,0.0,mekf_without_covariance,0.4322757495331981,0.0035250086866386904,6.329087824733933,0.0038461657954423937,0.05404879759999983,282,84,0,0.0,0.22950819672131148,False,
20260752,0.2,0.0,truth_attitude,0.4393776622062859,0.0038385894518980237,1.848633978135394,0.004446892185857293,0.06008300565430351,293,73,0,0.0,0.1994535519125683,False,
20260752,0.2,0.0,mekf_with_covariance,0.4885683800903914,0.0038127182705908294,1.4639586057771223,0.0041637841034040885,0.06008300565430351,293,73,0,0.0,0.1994535519125683,False,
20260752,0.2,0.0,mekf_without_covariance,0.5477926313250734,0.004664386814270163,6.733105755774474,0.006618642943152089,0.06008300565430351,293,73,0,0.0,0.1994535519125683,False,
20260753,0.2,0.0,truth_attitude,0.30261047707720407,0.002522846543621535,1.6832760119183514,0.0019590317820847086,0.056050956257864055,286,80,0,0.0,0.2185792349726776,False,
20260753,0.2,0.0,mekf_with_covariance,0.3181180069132013,0.003328483818667852,1.637203216419938,0.003186568041874191,0.056050956257864055,286,80,0,0.0,0.2185792349726776,False,
20260753,0.2,0.0,mekf_without_covariance,0.6258041087842171,0.003467422506753963,8.339021779051679,0.003982556422849655,0.056050956257864055,286,80,0,0.0,0.2185792349726776,False,
20260754,0.2,0.0,truth_attitude,0.5461638649775566,0.0025449740895451666,1.6314440184482848,0.0022371243182432027,0.059708958257296975,300,66,0,0.0,0.18032786885245902,False,
20260754,0.2,0.0,mekf_with_covariance,0.5364908963511682,0.0035157939399018583,1.4581413519071007,0.0038606512511086886,0.059708958257296975,300,66,0,0.0,0.18032786885245902,False,
20260754,0.2,0.0,mekf_without_covariance,0.5781861817254645,0.0036495277471095826,7.239451830928395,0.004313550487886372,0.059708958257296975,300,66,0,0.0,0.18032786885245902,False,
20260755,0.2,0.0,truth_attitude,0.38489221776182647,0.0018588055538120859,1.6751084355172325,0.001127129151991077,0.05630289582434415,294,72,0,0.0,0.19672131147540983,False,
20260755,0.2,0.0,mekf_with_covariance,0.35658460849273155,0.0024659110251791768,1.7191030164049066,0.0018352207590133305,0.05630289582434415,294,72,0,0.0,0.19672131147540983,False,
20260755,0.2,0.0,mekf_without_covariance,0.416874299458472,0.0030859582931924093,7.692314400772092,0.002954547370641189,0.05630289582434415,294,72,0,0.0,0.19672131147540983,False,
20260756,0.2,0.0,truth_attitude,0.4805632717683526,0.001869972089939523,1.689413563809713,0.0012842484409655956,0.05352542304045021,303,63,0,0.0,0.1721311475409836,False,
20260756,0.2,0.0,mekf_with_covariance,0.38189792186100885,0.004721032801240424,1.212908973798982,0.006147946246522348,0.05352542304045021,303,63,0,0.0,0.1721311475409836,False,
20260756,0.2,0.0,mekf_without_covariance,0.5886517441314244,0.005057613540031848,4.843817793603053,0.00786691216743076,0.05352542304045021,303,63,0,0.0,0.1721311475409836,False,
20260757,0.2,0.0,truth_attitude,0.36178665351848605,0.0024494914019747866,1.703156688085225,0.0018609191129350454,0.06257084249545514,298,68,0,0.0,0.18579234972677597,False,
20260757,0.2,0.0,mekf_with_covariance,0.3865109448184248,0.003688348908005699,1.7394188487328928,0.003989766407462505,0.06257084249545514,298,68,0,0.0,0.18579234972677597,False,
20260757,0.2,0.0,mekf_without_covariance,0.42412720003038795,0.004986548237327583,9.117630249495948,0.0075236960108765235,0.06257084249545514,298,68,0,0.0,0.18579234972677597,False,
20260758,0.2,0.0,truth_attitude,0.5835595152971575,0.00280661316785702,1.8861473258900476,0.0026561887070744535,0.060529922057481325,297,69,0,0.0,0.1885245901639344,False,
20260758,0.2,0.0,mekf_with_covariance,0.41086208671042646,0.002826873240177372,1.243895441676289,0.002416847267059476,0.060529922057481325,297,69,0,0.0,0.1885245901639344,False,
20260758,0.2,0.0,mekf_without_covariance,0.5143523415756668,0.004007413477724048,5.556801534130317,0.004994990199874759,0.060529922057481325,297,69,0,0.0,0.1885245901639344,False,
20260729,0.4,0.0,truth_attitude,0.4741063792020113,0.002261081737158194,1.7572022255263864,0.0017348101216839381,0.051271702015202474,213,153,0,0.0,0.4180327868852459,False,
20260729,0.4,0.0,mekf_with_covariance,0.4361880383982434,0.003802753674254117,0.9653948842662013,0.003956768690520146,0.051271702015202474,213,153,0,0.0,0.4180327868852459,False,
20260729,0.4,0.0,mekf_without_covariance,0.407765051884622,0.004240101128041241,5.086896894715215,0.005418701345260696,0.051271702015202474,213,153,0,0.0,0.4180327868852459,False,
20260730,0.4,0.0,truth_attitude,0.3000596826875485,0.00287400097477559,1.649656975830769,0.0024909493484161194,0.051439485368907294,210,156,0,0.0,0.4262295081967213,False,
20260730,0.4,0.0,mekf_with_covariance,0.35022698733652985,0.0033011537693614173,1.0412468293302661,0.0031865316389273826,0.051439485368907294,210,156,0,0.0,0.4262295081967213,False,
20260730,0.4,0.0,mekf_without_covariance,0.37710730893477845,0.00342133210889064,5.209146771273789,0.003584003361036852,0.051439485368907294,210,156,0,0.0,0.4262295081967213,False,
20260731,0.4,0.0,truth_attitude,0.37769720938193074,0.0024162307764624934,1.587922831984397,0.0018274179396084284,0.049053258988941736,215,151,0,0.0,0.412568306010929,False,
20260731,0.4,0.0,mekf_with_covariance,0.4130538194915992,0.002786504734857092,1.116171478711273,0.002366320531051484,0.049053258988941736,215,151,0,0.0,0.412568306010929,False,
20260731,0.4,0.0,mekf_without_covariance,0.3675066381578432,0.0027458201151038058,4.924807067959828,0.0023436065456306763,0.049053258988941736,215,151,0,0.0,0.412568306010929,False,
20260732,0.4,0.0,truth_attitude,0.4088125881095621,0.0025260818048877163,1.953359764534462,0.002028354272619712,0.0624069848180023,221,145,0,0.0,0.39617486338797814,False,
20260732,0.4,0.0,mekf_with_covariance,0.480610241773387,0.0031182802549829737,1.380840552151547,0.0029207484573433203,0.0624069848180023,221,145,0,0.0,0.39617486338797814,False,
20260732,0.4,0.0,mekf_without_covariance,0.48269523133182146,0.003762277240292017,5.9038499107031726,0.0044215395446482,0.0624069848180023,221,145,0,0.0,0.39617486338797814,False,
20260733,0.4,0.0,truth_attitude,0.4463505592630268,0.0028023003874773525,1.7099137482446325,0.002491487940640987,0.06506027804623014,224,142,0,0.0,0.3879781420765027,False,
20260733,0.4,0.0,mekf_with_covariance,0.38595583257930566,0.0034522133216298954,2.2385783539210964,0.0034089173693051325,0.06506027804623014,224,142,0,0.0,0.3879781420765027,False,
20260733,0.4,0.0,mekf_without_covariance,0.44138405976971073,0.0038394915762282092,9.258903959321556,0.004540101443550708,0.06506027804623014,224,142,0,0.0,0.3879781420765027,False,
20260734,0.4,0.0,truth_attitude,0.5429279067542556,0.0023771853753777345,1.8657751283419557,0.001965221802219125,0.05830293399563061,227,139,0,0.0,0.3797814207650273,False,
20260734,0.4,0.0,mekf_with_covariance,0.36115969404508635,0.003810594551225646,1.269986568031823,0.004057307475797208,0.05830293399563061,227,139,0,0.0,0.3797814207650273,False,
20260734,0.4,0.0,mekf_without_covariance,0.34965259589863373,0.00445963857172169,6.487216049773229,0.005969633359693253,0.05830293399563061,227,139,0,0.0,0.3797814207650273,False,
20260735,0.4,0.0,truth_attitude,0.3172070983955316,0.0022375529597120115,1.7113852492043375,0.001567307326396572,0.0706712173587486,210,156,0,0.0,0.4262295081967213,False,
20260735,0.4,0.0,mekf_with_covariance,0.4422840951270771,0.0032447911030741004,1.6275997475242459,0.0032288674040871013,0.0706712173587486,210,156,0,0.0,0.4262295081967213,False,
20260735,0.4,0.0,mekf_without_covariance,0.3988917321762989,0.003092805744662544,7.6902518257814805,0.0029931034145371043,0.0706712173587486,210,156,0,0.0,0.4262295081967213,False,
20260736,0.4,0.0,truth_attitude,0.33894151518100696,0.0035691668623664178,1.5674791631261709,0.0035248358947474754,0.05560981334828607,220,146,0,0.0,0.3989071038251366,False,
20260736,0.4,0.0,mekf_with_covariance,0.3669412101027388,0.004759864633138635,1.0643066500934808,0.006077016870563938,0.05560981334828607,220,146,0,0.0,0.3989071038251366,False,
20260736,0.4,0.0,mekf_without_covariance,0.47013325963223657,0.006241334133775721,5.301582272388173,0.011290110236213175,0.05560981334828607,220,146,0,0.0,0.3989071038251366,False,
20260737,0.4,0.0,truth_attitude,0.3619816099711106,0.0019206292215335782,1.7701329535638186,0.0012172006501847317,0.07088450808251456,218,148,0,0.0,0.40437158469945356,False,
20260737,0.4,0.0,mekf_with_covariance,0.3876504952336578,0.002530618816600204,1.9845092165810543,0.0019459694728484773,0.07088450808251456,218,148,0,0.0,0.40437158469945356,False,
20260737,0.4,0.0,mekf_without_covariance,0.38117323531860037,0.002638716700238962,8.04514885074153,0.002204318798164071,0.07088450808251456,218,148,0,0.0,0.40437158469945356,False,
20260738,0.4,0.0,truth_attitude,0.5373355396614978,0.0018310145631843413,1.6665237107468567,0.0012801675699760453,0.06166107915910718,217,149,0,0.0,0.40710382513661203,False,
20260738,0.4,0.0,mekf_with_covariance,0.3728144483057929,0.0034181541724395237,1.5786203895164808,0.0035600411992408633,0.06166107915910718,217,149,0,0.0,0.40710382513661203,False,
20260738,0.4,0.0,mekf_without_covariance,0.3434998840561801,0.0034181615805731615,7.245138152382281,0.0035904575253746704,0.06166107915910718,217,149,0,0.0,0.40710382513661203,False,
20260739,0.4,0.0,truth_attitude,0.4418877475226747,0.002274522449570341,1.4661664029701946,0.0016601612723142816,0.04815339326823762,220,146,0,0.0,0.3989071038251366,False,
20260739,0.4,0.0,mekf_with_covariance,0.4485689564417481,0.003031640130151996,1.0114836204856992,0.0028082284574660024,0.04815339326823762,220,146,0,0.0,0.3989071038251366,False,
20260739,0.4,0.0,mekf_without_covariance,0.3985216492324481,0.0032286657193328766,4.776857698241838,0.0031840356458848096,0.04815339326823762,220,146,0,0.0,0.3989071038251366,False,
20260740,0.4,0.0,truth_attitude,0.29229748738888717,0.002060032425876284,1.6339227503598148,0.0013198876177489634,0.06018716706889908,222,144,0,0.0,0.39344262295081966,False,
20260740,0.4,0.0,mekf_with_covariance,0.3806085925688235,0.0033968596922033367,1.8073285958741487,0.0033624281894567842,0.06018716706889908,222,144,0,0.0,0.39344262295081966,False,
20260740,0.4,0.0,mekf_without_covariance,0.33902401091692386,0.0036647415185846214,9.715868583358397,0.004100658457685105,0.06018716706889908,222,144,0,0.0,0.39344262295081966,False,
20260741,0.4,0.0,truth_attitude,0.32552997375920706,0.0031135717590006426,1.7284859000901882,0.00295977352142809,0.055145452159106254,202,164,0,0.0,0.44808743169398907,False,
20260741,0.4,0.0,mekf_with_covariance,0.3867820946468133,0.00508247652164357,0.9546785111963868,0.006882773926628651,0.055145452159106254,202,164,0,0.0,0.44808743169398907,False,
20260741,0.4,0.0,mekf_without_covariance,0.3922725901329662,0.0055837175691589,5.508831207615843,0.009259939630304572,0.055145452159106254,202,164,0,0.0,0.44808743169398907,False,
20260742,0.4,0.0,truth_attitude,0.41214452549665576,0.0024471435424177155,1.5511318865046206,0.00188512152268809,0.06261707005827621,218,148,0,0.0,0.40437158469945356,False,
20260742,0.4,0.0,mekf_with_covariance,0.37751751082602636,0.003113939919470618,1.3470185592199335,0.0027512591251801608,0.06261707005827621,218,148,0,0.0,0.40437158469945356,False,
20260742,0.4,0.0,mekf_without_covariance,0.3558108430023381,0.0031664346356135727,6.195520103349249,0.003046767309309078,0.06261707005827621,218,148,0,0.0,0.40437158469945356,False,
20260743,0.4,0.0,truth_attitude,0.4632504753903131,0.0028518439304637973,1.7626542243664027,0.002526238763360897,0.054665065028850775,224,142,0,0.0,0.3879781420765027,False,
20260743,0.4,0.0,mekf_with_covariance,0.35484079782587347,0.0031191099046032427,1.1507131820175478,0.0028198417827591028,0.054665065028850775,224,142,0,0.0,0.3879781420765027,False,
20260743,0.4,0.0,mekf_without_covariance,0.44463572455068623,0.003461572648833711,5.60749962685141,0.003665957439652862,0.054665065028850775,224,142,0,0.0,0.3879781420765027,False,
20260744,0.4,0.0,truth_attitude,0.412697730624689,0.0024034156215604935,1.8237748098540472,0.0018737204449254582,0.06126971553677731,229,137,0,0.0,0.3743169398907104,False,
20260744,0.4,0.0,mekf_with_covariance,0.48719570326646694,0.0032271797349719836,1.6860854323117676,0.00311830893793897,0.06126971553677731,229,137,0,0.0,0.3743169398907104,False,
20260744,0.4,0.0,mekf_without_covariance,0.45751359901405986,0.003654804987282601,7.449640743883337,0.004145686468275797,0.06126971553677731,229,137,0,0.0,0.3743169398907104,False,
20260745,0.4,0.0,truth_attitude,0.5112058733261093,0.0028154720231326437,1.6114586026624629,0.0025542576426916515,0.05970031559296897,213,153,0,0.0,0.4180327868852459,False,
20260745,0.4,0.0,mekf_with_covariance,0.4319235613695354,0.003301161375353693,1.3233382542042318,0.003188465590929114,0.05970031559296897,213,153,0,0.0,0.4180327868852459,False,
20260745,0.4,0.0,mekf_without_covariance,0.41392445547737133,0.004022527124939561,6.4207780670628,0.004908781212325827,0.05970031559296897,213,153,0,0.0,0.4180327868852459,False,
20260746,0.4,0.0,truth_attitude,0.3026698004589555,0.002902550201961101,1.7310848593611408,0.002452263412024405,0.049886169395359364,224,142,0,0.0,0.3879781420765027,False,
20260746,0.4,0.0,mekf_with_covariance,0.32916642681281416,0.0028156993680378156,0.9092162319614312,0.002242347479783888,0.049886169395359364,224,142,0,0.0,0.3879781420765027,False,
20260746,0.4,0.0,mekf_without_covariance,0.3560980320337845,0.0036101347178885642,4.485974843541726,0.0038908702700753044,0.049886169395359364,224,142,0,0.0,0.3879781420765027,False,
20260747,0.4,0.0,truth_attitude,0.3600685039634272,0.002977736090655897,1.8991395617652613,0.0026401339788215297,0.0658311614146237,218,148,0,0.0,0.40437158469945356,False,
20260747,0.4,0.0,mekf_with_covariance,0.4147330573259055,0.004365772287406095,2.0132348536477847,0.00542577948968394,0.0658311614146237,218,148,0,0.0,0.40437158469945356,False,
20260747,0.4,0.0,mekf_without_covariance,0.37549795086401716,0.004790974142833184,9.29137956288002,0.006778444639178669,0.0658311614146237,218,148,0,0.0,0.40437158469945356,False,
20260748,0.4,0.0,truth_attitude,0.5341351817853057,0.0025459850656404945,1.747779784467975,0.0022064454831985125,0.06235548879555353,206,160,0,0.0,0.4371584699453552,False,
20260748,0.4,0.0,mekf_with_covariance,0.37401630229638816,0.0034202187912133596,1.1623008876335479,0.0032676150655079634,0.06235548879555353,206,160,0,0.0,0.4371584699453552,False,
20260748,0.4,0.0,mekf_without_covariance,0.3701623215094592,0.0036560959016179715,5.7730686216759155,0.0041075560795819895,0.06235548879555353,206,160,0,0.0,0.4371584699453552,False,
20260749,0.4,0.0,truth_attitude,0.3467105812583448,0.0026077312519021054,1.8715266969851037,0.002087155512317827,0.04986037638883533,209,157,0,0.0,0.42896174863387976,False,
20260749,0.4,0.0,mekf_with_covariance,0.36506183973461087,0.002882638834194217,1.206111566568612,0.002495446763611746,0.04986037638883533,209,157,0,0.0,0.42896174863387976,False,
20260749,0.4,0.0,mekf_without_covariance,0.6167074356860174,0.003007621067127966,5.685769744614783,0.0030585871190594886,0.04986037638883533,209,157,0,0.0,0.42896174863387976,False,
20260750,0.4,0.0,truth_attitude,0.33479602488146165,0.0027913707992623282,1.6814241101375105,0.0023825620190103566,0.06431685504176766,216,150,0,0.0,0.4098360655737705,False,
20260750,0.4,0.0,mekf_with_covariance,0.3634364677719317,0.004937850966710558,1.6002829829857657,0.0068097187145319295,0.06431685504176766,216,150,0,0.0,0.4098360655737705,False,
20260750,0.4,0.0,mekf_without_covariance,0.3041388140615119,0.005125560384360055,9.023835795448974,0.007842371582932679,0.06431685504176766,216,150,0,0.0,0.4098360655737705,False,
20260751,0.4,0.0,truth_attitude,0.5668631156466974,0.0023047359620065023,1.6739070133515195,0.0019126381282820776,0.05404879759999983,202,164,0,0.0,0.44808743169398907,False,
20260751,0.4,0.0,mekf_with_covariance,0.47903163660743964,0.0034253450562937732,1.2720170992719062,0.0036773008444932294,0.05404879759999983,202,164,0,0.0,0.44808743169398907,False,
20260751,0.4,0.0,mekf_without_covariance,0.3831892214095564,0.0032611173803941676,5.985112096276503,0.0033154390375153366,0.05404879759999983,202,164,0,0.0,0.44808743169398907,False,
20260752,0.4,0.0,truth_attitude,0.5406253327352772,0.003837395671743012,1.8506162342562977,0.004552596445732682,0.06008300565430351,219,147,0,0.0,0.4016393442622951,False,
20260752,0.4,0.0,mekf_with_covariance,0.47820702300744244,0.003805660977489243,1.4125022908022313,0.004134548014312014,0.06008300565430351,219,147,0,0.0,0.4016393442622951,False,
20260752,0.4,0.0,mekf_without_covariance,0.48685029278429587,0.004667357009571421,6.669588067556371,0.0065544859899842765,0.06008300565430351,219,147,0,0.0,0.4016393442622951,False,
20260753,0.4,0.0,truth_attitude,0.5290949817795507,0.002348024552067696,1.6981206918699039,0.0019207934875014464,0.056050956257864055,223,143,0,0.0,0.3907103825136612,False,
20260753,0.4,0.0,mekf_with_covariance,0.36256811721507043,0.0035238977101433307,1.5480251323727499,0.0035518405944273846,0.056050956257864055,223,143,0,0.0,0.3907103825136612,False,
20260753,0.4,0.0,mekf_without_covariance,0.4999486578836619,0.0036613584939935977,7.759671532174881,0.004220696126168865,0.056050956257864055,223,143,0,0.0,0.3907103825136612,False,
20260754,0.4,0.0,truth_attitude,0.5796226465120922,0.0026025225172101505,1.6408349949241205,0.002350896099520021,0.059708958257296975,226,140,0,0.0,0.3825136612021858,False,
20260754,0.4,0.0,mekf_with_covariance,0.5368706474377836,0.003566527350243809,1.3891579913485252,0.003971016467236514,0.059708958257296975,226,140,0,0.0,0.3825136612021858,False,
20260754,0.4,0.0,mekf_without_covariance,0.38818984108328775,0.004341025203873092,6.152539922532347,0.005724982321212664,0.059708958257296975,226,140,0,0.0,0.3825136612021858,False,
20260755,0.4,0.0,truth_attitude,0.41798117076290875,0.002250451270382445,1.699773369429575,0.0016235577629350407,0.05630289582434415,206,160,0,0.0,0.4371584699453552,False,
20260755,0.4,0.0,mekf_with_covariance,0.41723514484500995,0.0027214074537236163,1.5822748526434536,0.0022355587385800234,0.05630289582434415,206,160,0,0.0,0.4371584699453552,False,
20260755,0.4,0.0,mekf_without_covariance,0.40251900118094275,0.00328156451710289,7.3093268812910965,0.003302314803940279,0.05630289582434415,206,160,0,0.0,0.4371584699453552,False,
20260756,0.4,0.0,truth_attitude,0.40354331240720015,0.0026741893038460525,1.7478354897756467,0.002216179759952339,0.05352542304045021,223,143,0,0.0,0.3907103825136612,False,
20260756,0.4,0.0,mekf_with_covariance,0.4282422069299514,0.00383752241808936,1.0639687943975273,0.004247908805761772,0.05352542304045021,223,143,0,0.0,0.3907103825136612,False,
20260756,0.4,0.0,mekf_without_covariance,0.6355992289707355,0.004416667601587375,4.623939131611644,0.0060701426576847545,0.05352542304045021,223,143,0,0.0,0.3907103825136612,False,
20260757,0.4,0.0,truth_attitude,0.504696089087085,0.0025923871941917927,1.7072145218526154,0.002212425476114478,0.06257084249545514,225,141,0,0.0,0.38524590163934425,False,
20260757,0.4,0.0,mekf_with_covariance,0.3442966339139964,0.0035512624887213532,1.6007970565574714,0.0037050936919437306,0.06257084249545514,225,141,0,0.0,0.38524590163934425,False,
20260757,0.4,0.0,mekf_without_covariance,0.3746896198285922,0.004035015840950436,8.644698839101391,0.004957663056162894,0.06257084249545514,225,141,0,0.0,0.38524590163934425,False,
20260758,0.4,0.0,truth_attitude,0.575727166968647,0.0026454333617984735,1.8383187379521608,0.002381757758432044,0.060529922057481325,233,133,0,0.0,0.3633879781420765,False,
20260758,0.4,0.0,mekf_with_covariance,0.3497606450154956,0.0037894992176951596,1.2323775592413009,0.00413797834723996,0.060529922057481325,233,133,0,0.0,0.3633879781420765,False,
20260758,0.4,0.0,mekf_without_covariance,0.4451190096351685,0.00388429044409534,5.5394897085861,0.004617960692833949,0.060529922057481325,233,133,0,0.0,0.3633879781420765,False,
