seed,mode,angle_sigma_deg,process_noise,baseline_position_rmse,baseline_velocity_rmse,algorithm,position_rmse,velocity_rmse,position_improvement_pct,velocity_ratio,mean_nees,mean_nis,sat_01_position_rmse,sat_01_velocity_rmse,sat_02_position_rmse,sat_02_velocity_rmse,sat_03_position_rmse,sat_03_velocity_rmse
20260729,range_rate,,1e-08,28.773858255441734,0.025595737353267464,centralized,27.970653441472376,0.046011171530918236,2.791439392099792,1.797610707434635,275.70599511636493,1.068274658483362,2.3553399620729603,0.03729864423784175,46.6430103503812,0.042478221435866326,34.91361001196296,0.058256648919046625
20260729,range_rate,,1e-08,28.773858255441734,0.025595737353267464,local_6d,27.442536949272707,0.04991532697480582,4.626843207296493,1.9501421774213432,1689.4408710666607,1.407833017559704,24.36418514109375,0.02335977875500104,19.56977969696868,0.08707406547953452,38.39364600975569,0.0393121366898819
20260729,range_rate,,1e-08,28.773858255441734,0.025595737353267464,fleet_ci,26.16719435490451,0.054826638256179006,9.059139297192619,2.1420222242271145,130.10159459917938,0.9676253474514149,2.393331220315565,0.036786411565296315,38.56836884293539,0.0638530859155933,37.53988300146257,0.0638404172876474
20260729,angle,0.02,1e-08,28.773858255441734,0.025595737353267464,centralized,20834.111287648782,247.36767165306765,-72306.38743227499,9664.408891173809,21740067.864512794,1276608.4183462493,1930.41433244569,143.12650303605963,28148.605613162137,344.3889964829948,32423.31391733852,254.58751544014848
20260729,angle,0.02,1e-08,28.773858255441734,0.025595737353267464,local_6d,8.393866316091605,0.0170469489456027,70.82815157573054,0.6660073398286588,376575.21169299027,0.7978864566687845,8.375729820965114,0.013301982701226983,10.138884749310517,0.016831212886530597,6.666984377999182,0.02100765124905052
20260729,angle,0.02,1e-08,28.773858255441734,0.025595737353267464,fleet_ci,11426.761509597816,173.5172949119003,-39612.30207696174,6779.148125996444,15626384.992476678,694544.0992806269,1611.0434053786369,105.28648856101347,14939.298755195334,192.7161783924763,17729.942368219476,222.5492177822112
20260729,angle,0.05,1e-08,28.773858255441734,0.025595737353267464,centralized,15530.838489961423,109.53120022960468,-53875.51608159542,4279.275049508285,3889335.0293548536,233813.88998051197,882.722152584617,59.50771603416501,21302.88877365318,163.4113051967903,24406.90454364647,105.67457945785874
20260729,angle,0.05,1e-08,28.773858255441734,0.025595737353267464,local_6d,8.203547307834798,0.020068462015870543,71.48958184541227,0.7840548501842113,88849.33765893333,0.9331005109519723,8.249869440730757,0.015857095121101953,9.952819069556444,0.021718237625447678,6.407953413217194,0.022630053301062
20260729,angle,0.05,1e-08,28.773858255441734,0.025595737353267464,fleet_ci,5809.162897181445,65.48604490793099,-20089.030075877334,2558.47463990215,4785973.468906306,396274.0353943251,538.8064563865177,43.12110132029383,7799.362489810684,79.31415031695495,9089.319745347135,74.0228830865442
20260729,angle,0.1,1e-08,28.773858255441734,0.025595737353267464,centralized,2339.356798152079,30.377745228206276,-8030.1463897691165,1186.8282913259523,371251.1085594858,87638.90580114438,215.61238289152976,16.879940824365246,3182.9934573569667,39.46995256327125,3619.464554207741,34.783342296982326
20260729,angle,0.1,1e-08,28.773858255441734,0.025595737353267464,local_6d,8.037329501636698,0.0277279714889979,72.0672513561275,1.083304266890293,28235.347347006984,1.0320702187021067,8.183234452650577,0.02472382371496827,9.770093103971218,0.029300843921260308,6.1586609482883015,0.029159246830765102
20260729,angle,0.1,1e-08,28.773858255441734,0.025595737353267464,fleet_ci,2098.3930099939994,27.93641323532287,-7192.706425969655,1091.4478785959493,680005.0753970024,53037.7426897073,208.75613249006267,16.618966607556025,2798.5401193668545,32.89751558472473,3287.8827781250807,34.29275751368785
20260729,angle,0.2,1e-08,28.773858255441734,0.025595737353267464,centralized,1219.4345997629177,18.669736908854535,-4137.99474139794,729.4080514727277,145067.31127287156,11281.61072447225,128.96390682183912,10.382570037116386,1638.7889572974334,23.415591502884645,1890.5509351694807,22.211049186562573
20260729,angle,0.2,1e-08,28.773858255441734,0.025595737353267464,local_6d,7.98829926491976,0.0404235136813598,72.23764990428766,1.5793064729271993,8902.599021514643,1.1308305600877384,8.284797622827178,0.03932392723689721,9.61538704544608,0.0403757801185302,6.064713126486025,0.041570833688651984
20260729,angle,0.2,1e-08,28.773858255441734,0.025595737353267464,fleet_ci,267.82227339967653,4.15899864530958,-830.7833208256866,162.4879403905376,7934.817140186084,554.8510098995777,30.30199729254917,2.217636116744866,363.2009028261543,4.753165977327677,409.96392008032615,5.5061938418561995
20260729,angle,0.5,1e-08,28.773858255441734,0.025595737353267464,centralized,10.792529932693776,0.2809978026500237,62.49189164385806,10.978304659551155,64.6612301441881,9.896250873344476,3.1564370359614307,0.30194842719057713,14.268052305196056,0.1906138186878323,14.953100456923845,0.3504311620716617
20260729,angle,0.5,1e-08,28.773858255441734,0.025595737353267464,local_6d,8.486706868722491,0.06140125900887195,70.50549567117064,2.3988861176930962,2106.3645818560826,1.2547387201224975,8.958299408375812,0.06277839738322159,9.663657110648012,0.058216594740337545,6.83816408714365,0.06320878490305673
20260729,angle,0.5,1e-08,28.773858255441734,0.025595737353267464,fleet_ci,7.474496202500963,0.09733946884105539,74.0233091574107,3.8029562304689524,27.115479411663706,3.228988121109441,2.5340336506311667,0.09544785675407903,9.413749736917513,0.10573269946449754,10.47570521995421,0.09083785030458962
20260729,combined,0.02,1e-08,28.773858255441734,0.025595737353267464,centralized,5.781105786470952,0.4804473620892264,79.90847895631923,18.770600567515753,120.99185471153656,1488.5097682435164,3.2822044095162526,0.34787577149256477,7.894153655289605,0.3785166331562261,6.166959294606997,0.7149496816188883
20260729,combined,0.02,1e-08,28.773858255441734,0.025595737353267464,local_6d,9.792859011532707,0.02625553667873709,65.96612479078757,1.0257777033872164,914349.1388458844,2.860762593110997,9.773202022814496,0.02943102060058662,9.82951005928898,0.022464295749913505,9.775864952494647,0.02687129368571115
20260729,combined,0.02,1e-08,28.773858255441734,0.025595737353267464,fleet_ci,9.958662016423972,0.27253367105545295,65.389896870919,10.647619456864845,225.6406481152656,212.65428559162888,2.340707676782617,0.24571636651280224,13.209404137682004,0.4026646014135741,14.325874234807292,0.16922004523998244
20260729,combined,0.05,1e-08,28.773858255441734,0.025595737353267464,centralized,5.638255077743188,0.2780584647182633,80.40493899813774,10.863467650122894,85.96929165923957,183.7088115082874,2.198635921166234,0.2660897936264042,7.4392747963746695,0.15494562177734877,7.27685451568866,0.4131399787510369
20260729,combined,0.05,1e-08,28.773858255441734,0.025595737353267464,local_6d,9.893445377386014,0.028789554184603227,65.6165492665032,1.1247792469212867,232627.09591448106,3.000751086326749,9.880766997518894,0.03216554868626437,9.930198294811234,0.024667126330098755,9.869370839827916,0.029535987537446563
20260729,combined,0.05,1e-08,28.773858255441734,0.025595737353267464,fleet_ci,9.115444991978528,0.24214512670626656,68.32039377182026,9.460369254623373,169.0107861742825,51.04006005482026,2.413732585883925,0.22609332954736852,12.222743909288361,0.3542963342736266,12.7098584807633,0.14604571629780463
20260729,combined,0.1,1e-08,28.773858255441734,0.025595737353267464,centralized,4.971156484671638,0.1899689465345157,82.72335798508533,7.421897791518982,47.253373328686976,51.36274461663777,2.2693903622658964,0.21621025522080484,6.169841107498057,0.0876882050929581,6.47423798425096,0.26600837928978416
20260729,combined,0.1,1e-08,28.773858255441734,0.025595737353267464,local_6d,10.101559179347293,0.03489641463703775,64.89327538326606,1.3633682107064984,81681.6866828716,3.1074108773534266,10.101942703924442,0.038188397031629524,10.13931648676362,0.030449806647397125,10.063418347353819,0.03605104023208661
20260729,combined,0.1,1e-08,28.773858255441734,0.025595737353267464,fleet_ci,7.392540152278134,0.181715055262364,74.30813731460552,7.099426469117401,87.74450944196126,17.710295473190467,2.4189295763712373,0.17760470583557206,10.049175552076676,0.2624060564374823,9.709515328386491,0.10513440351403766
20260729,combined,0.2,1e-08,28.773858255441734,0.025595737353267464,centralized,3.688194019768718,0.1203494657451426,87.18213599640846,4.701933922985001,15.490980233724786,16.24282438670786,2.3321298389141045,0.141705913581083,4.339516879744489,0.0726578739231454,4.39293534064756,0.14668460973119943
20260729,combined,0.2,1e-08,28.773858255441734,0.025595737353267464,local_6d,10.476599134020672,0.045393853476086814,63.58987021825852,1.7734927050379343,28054.908201093283,3.2239158070289227,10.504773999113798,0.04824739575037025,10.518076650321982,0.04030661714744852,10.406946752626236,0.04762754753044165
20260729,combined,0.2,1e-08,28.773858255441734,0.025595737353267464,fleet_ci,5.344667756886344,0.10617743484204001,81.42526556765965,4.148246771585416,31.6879893829067,6.0327527527053935,2.405039189698981,0.10749030783772938,7.469849561631888,0.14492165362177584,6.159114519328163,0.06612034306661477
20260729,combined,0.5,1e-08,28.773858255441734,0.025595737353267464,centralized,3.3409611180330256,0.06522024060226272,88.3889011742067,2.548089930057707,9.608115286031838,4.450354992631457,2.361800563067708,0.06876761822706479,4.71917804467907,0.05546520061168265,2.9419047463523,0.07142790296804076
20260729,combined,0.5,1e-08,28.773858255441734,0.025595737353267464,local_6d,11.093890891946373,0.05698369452238253,61.44454875164929,2.226296267066054,6608.870950390812,3.3438937447829553,11.164101516618267,0.058584080833537486,11.127105024944058,0.05122416467481455,10.990466134276797,0.061142838058795564
20260729,combined,0.5,1e-08,28.773858255441734,0.025595737353267464,fleet_ci,3.813550050839621,0.054698508750322256,86.74647655179021,2.1370163318752615,11.787997249963187,2.3186673225026557,2.3802302357724274,0.059795231138067576,5.600831390177301,0.0555867119375038,3.4595885265691355,0.048713583175395404
