condition_seed,noise_seed,node_count,trajectory,decision_index,action_id,action_kind,action_probability,counterfactual_task_gain,communication_penalty,resynchronization_penalty,topology_switch_penalty,training_objective,objective_gain_over_keep
1500,0,5,keep,0,0,keep,0.0756593570113182,0.0,0.0038333333333333336,0.0,0.0,-0.0038333333333333336,0.0
1500,0,5,keep,0,1,add,0.12201660871505737,0.0036048289894159424,0.004833333333333333,0.0004,0.001,-0.0026285043439173905,0.001204828989415943
1500,0,5,keep,0,2,swap,0.004448595456779003,0.004202075389090787,0.0038333333333333336,0.0004,0.001,-0.0010312579442425466,0.0028020753890907867
1500,0,5,keep,0,20,add,0.1265382170677185,0.0001824418588913801,0.004833333333333333,0.0004,0.001,-0.006050891474441953,-0.0022175581411086193
1500,0,5,keep,0,22,swap,0.0015485826879739761,-0.03747256190666293,0.0038333333333333336,0.0004,0.001,-0.04270589523999626,-0.038872561906662925
1500,0,5,keep,3,0,keep,0.07409291714429855,0.0,0.0033333333333333335,0.0,0.0,-0.0033333333333333335,0.0
1500,0,5,keep,3,1,add,0.11899516731500626,0.00012053547111900986,0.004333333333333333,0.0004,0.001,-0.0056127978622143235,-0.00227946452888099
1500,0,5,keep,3,2,swap,0.006471970584243536,0.0006969213119780715,0.004,0.0004,0.001,-0.004703078688021929,-0.0013697453546885952
1500,0,5,keep,3,20,add,0.1347985714673996,5.4640548240336706e-05,0.004333333333333333,0.0004,0.001,-0.005678692785092997,-0.002345359451759663
1500,0,5,keep,3,22,swap,0.0012263425160199404,-0.009841824448839076,0.0033333333333333335,0.0004,0.001,-0.014575157782172408,-0.011241824448839075
1500,0,5,keep,6,0,keep,0.0895906388759613,0.0,0.0035,0.0,0.0,-0.0035,0.0
1500,0,5,keep,6,1,add,0.13527925312519073,0.00031620219908379266,0.0045000000000000005,0.0004,0.001,-0.005583797800916208,-0.002083797800916208
1500,0,5,keep,6,2,swap,0.009274694137275219,-0.0007672661559515737,0.004,0.0004,0.001,-0.006167266155951574,-0.002667266155951574
1500,0,5,keep,6,20,add,0.136060893535614,-0.0005731058239676345,0.0045000000000000005,0.0004,0.001,-0.006473105823967635,-0.002973105823967635
1500,0,5,keep,6,22,swap,0.005445122253149748,0.0003583455181798145,0.0035,0.0004,0.001,-0.004541654481820185,-0.0010416544818201852
1500,0,5,keep,9,0,keep,0.08636936545372009,0.0,0.002,0.0,0.0,-0.002,0.0
1500,0,5,keep,9,1,add,0.12766005098819733,-0.000937877638724216,0.0026666666666666666,0.0004,0.001,-0.005004544305390882,-0.0030045443053908823
1500,0,5,keep,9,2,swap,0.011672344990074635,-0.011278618892100023,0.0021666666666666666,0.0004,0.001,-0.014845285558766689,-0.012845285558766689
1500,0,5,keep,9,20,add,0.14118964970111847,0.0008476650871870328,0.0025,0.0004,0.001,-0.0030523349128129674,-0.0010523349128129674
1500,0,5,keep,9,22,swap,0.003300569485872984,-0.007881989967447711,0.002,0.0004,0.001,-0.011281989967447711,-0.009281989967447711
1500,0,5,policy,0,0,keep,0.0756593570113182,0.0,0.0038333333333333336,0.0,0.0,-0.0038333333333333336,0.0
1500,0,5,policy,0,1,add,0.12201660871505737,0.0036048289894159424,0.004833333333333333,0.0004,0.001,-0.0026285043439173905,0.001204828989415943
1500,0,5,policy,0,2,swap,0.004448595456779003,0.004202075389090787,0.0038333333333333336,0.0004,0.001,-0.0010312579442425466,0.0028020753890907867
1500,0,5,policy,0,20,add,0.1265382170677185,0.0001824418588913801,0.004833333333333333,0.0004,0.001,-0.006050891474441953,-0.0022175581411086193
1500,0,5,policy,0,22,swap,0.0015485826879739761,-0.03747256190666293,0.0038333333333333336,0.0004,0.001,-0.04270589523999626,-0.038872561906662925
1500,0,5,policy,3,0,keep,1.0,0.0,0.005166666666666667,0.0,0.0,-0.005166666666666667,0.0
1500,0,5,policy,6,0,keep,0.10761316865682602,0.0,0.006333333333333333,0.0,0.0,-0.006333333333333333,0.0
1500,0,5,policy,6,1,add,0.2587781548500061,0.00030717062688168095,0.007333333333333333,0.0004,0.001,-0.008426162706451652,-0.0020928293731183184
1500,0,5,policy,6,2,swap,0.008478670381009579,6.64990395506937e-05,0.006833333333333334,0.0004,0.001,-0.00816683429378264,-0.001833500960449307
1500,0,5,policy,6,17,add,0.23362550139427185,0.00011181200815968406,0.007333333333333333,0.0004,0.001,-0.008621521325173648,-0.0022881879918403153
1500,0,5,policy,6,24,swap,0.005759702529758215,-0.0037224442062290253,0.006333333333333333,0.0004,0.001,-0.011455777539562357,-0.005122444206229024
1500,0,5,policy,6,25,remove,0.003258808283135295,-0.00020577267234644925,0.005833333333333334,0.0,0.001,-0.007039106005679783,-0.0007057726723464497
1500,0,5,policy,6,31,remove,0.0033329229336231947,-0.0038349600794880256,0.005333333333333333,0.0,0.001,-0.010168293412821359,-0.0038349600794880256
1500,0,5,policy,9,0,keep,1.0,0.0,0.004166666666666667,0.0,0.0,-0.004166666666666667,0.0
1501,0,10,keep,0,0,keep,0.093861423432827,0.0,0.004166666666666667,0.0,0.0,-0.004166666666666667,0.0
1501,0,10,keep,0,1,add,0.7894467711448669,0.021643141577559533,0.004583333333333333,0.0002,0.001,0.015859808244226198,0.020026474910892864
1501,0,10,keep,0,2,swap,0.00800043810158968,0.03465003765329433,0.004166666666666667,0.0002,0.001,0.029283370986627665,0.03345003765329433
1501,0,10,keep,0,10,swap,0.011608834378421307,0.019267248013232763,0.004166666666666667,0.0002,0.001,0.013900581346566097,0.018067248013232763
1501,0,10,keep,3,0,keep,0.09704113006591797,0.0,0.004,0.0,0.0,-0.004,0.0
1501,0,10,keep,3,1,add,0.7959403991699219,-0.001848193084215688,0.004416666666666667,0.0002,0.001,-0.0074648597508823545,-0.0034648597508823544
1501,0,10,keep,3,2,swap,0.007216859143227339,-0.014384094806757286,0.003916666666666667,0.0002,0.001,-0.01950076147342395,-0.015500761473423951
1501,0,10,keep,3,10,swap,0.007642955053597689,-0.006096711375327302,0.004,0.0002,0.001,-0.011296711375327301,-0.007296711375327301
1501,0,10,keep,6,0,keep,0.06674724817276001,0.0,0.0036666666666666666,0.0,0.0,-0.0036666666666666666,0.0
1501,0,10,keep,6,1,add,0.7776263952255249,0.002078297031545162,0.004083333333333333,0.0002,0.001,-0.003205036301788171,0.0004616303648784957
1501,0,10,keep,6,2,swap,0.010699481703341007,0.0002037632089072483,0.0035833333333333333,0.0002,0.001,-0.004579570124426086,-0.000912903457759419
1501,0,10,keep,6,10,swap,0.0029411090072244406,0.000151278533664867,0.004,0.0002,0.001,-0.005048721466335133,-0.0013820547996684662
1501,0,10,keep,9,0,keep,0.08025156706571579,0.0,0.002,0.0,0.0,-0.002,0.0
1501,0,10,keep,9,1,add,0.7891075015068054,-0.00860771006754446,0.0021666666666666666,0.0002,0.001,-0.011974376734211128,-0.009974376734211128
1501,0,10,keep,9,2,swap,0.01305965892970562,-0.021162491566523278,0.0019166666666666668,0.0002,0.001,-0.024279158233189945,-0.022279158233189947
1501,0,10,keep,9,10,swap,0.004738315008580685,-0.010313933893937532,0.002,0.0002,0.001,-0.013513933893937534,-0.011513933893937534
1501,0,10,policy,0,0,keep,0.093861423432827,0.0,0.004166666666666667,0.0,0.0,-0.004166666666666667,0.0
1501,0,10,policy,0,1,add,0.7894467711448669,0.021643141577559533,0.004583333333333333,0.0002,0.001,0.015859808244226198,0.020026474910892864
1501,0,10,policy,0,2,swap,0.00800043810158968,0.03465003765329433,0.004166666666666667,0.0002,0.001,0.029283370986627665,0.03345003765329433
1501,0,10,policy,0,10,swap,0.011608834378421307,0.019267248013232763,0.004166666666666667,0.0002,0.001,0.013900581346566097,0.018067248013232763
1501,0,10,policy,3,0,keep,0.9023902416229248,0.0,0.0045000000000000005,0.0,0.0,-0.0045000000000000005,0.0
1501,0,10,policy,3,1,remove,0.007074239198118448,-0.015650124773488594,0.004,0.0,0.001,-0.020650124773488595,-0.016150124773488594
1501,0,10,policy,3,10,remove,0.011249136179685593,-0.005410284674708832,0.004083333333333333,0.0,0.001,-0.010493618008042164,-0.005993618008042163
1501,0,10,policy,6,0,keep,0.8972854018211365,0.0,0.004,0.0,0.0,-0.004,0.0
1501,0,10,policy,6,1,remove,0.008162874728441238,-0.002699996608562294,0.0035,0.0,0.001,-0.007199996608562294,-0.0031999966085622935
1501,0,10,policy,6,10,remove,0.00843658298254013,-0.004555552896188975,0.003916666666666667,0.0,0.001,-0.009472219562855641,-0.005472219562855641
1501,0,10,policy,9,0,keep,0.8986948132514954,0.0,0.0021666666666666666,0.0,0.0,-0.0021666666666666666,0.0
1501,0,10,policy,9,1,remove,0.009008058346807957,-0.013651508712587579,0.0019166666666666668,0.0,0.001,-0.016568175379254247,-0.01440150871258758
1501,0,10,policy,9,10,remove,0.013424668461084366,-0.0026545015205048372,0.002,0.0,0.001,-0.005654501520504837,-0.0034878348538381707
1502,0,20,keep,0,0,keep,0.058006737381219864,0.0,0.0040416666666666665,0.0,0.0,-0.0040416666666666665,0.0
1502,0,20,keep,0,1,add,0.09100372344255447,0.006366195310040679,0.004291666666666667,0.0001,0.001,0.0009745286433740122,0.005016195310040678
1502,0,20,keep,0,2,swap,0.0011986600002273917,0.006999106864127302,0.0040416666666666665,0.0001,0.001,0.001857440197460636,0.005899106864127302
1502,0,20,keep,0,50,add,0.09354175627231598,-0.002918759362083412,0.004291666666666667,0.0001,0.001,-0.008310426028750078,-0.0042687593620834114
1502,0,20,keep,0,52,swap,0.0013154067564755678,0.015196391131526044,0.0040416666666666665,0.0001,0.001,0.010054724464859378,0.014096391131526043
1502,0,20,keep,3,0,keep,0.06133829802274704,0.0,0.00425,0.0,0.0,-0.00425,0.0
1502,0,20,keep,3,1,add,0.09170383214950562,-0.0007066341492701911,0.0045000000000000005,0.0001,0.001,-0.006306634149270192,-0.0020566341492701916
1502,0,20,keep,3,2,swap,0.0012778593227267265,-0.0006426043888371202,0.00425,0.0001,0.001,-0.005992604388837121,-0.0017426043888371205
1502,0,20,keep,3,50,add,0.09574485570192337,0.00663729404341129,0.0045000000000000005,0.0001,0.001,0.00103729404341129,0.00528729404341129
1502,0,20,keep,3,52,swap,0.0016308475751429796,0.006103541868148432,0.00425,0.0001,0.001,0.0007535418681484318,0.005003541868148432
1502,0,20,keep,6,0,keep,0.06027524173259735,0.0,0.004,0.0,0.0,-0.004,0.0
1502,0,20,keep,6,1,add,0.09350898116827011,0.0011314283431531624,0.00425,0.0001,0.001,-0.004218571656846838,-0.00021857165684683807
1502,0,20,keep,6,2,swap,0.0012340410612523556,0.0014781662147734798,0.004,0.0001,0.001,-0.00362183378522652,0.0003781662147734799
1502,0,20,keep,6,50,add,0.09449581056833267,0.005710477553215965,0.00425,0.0001,0.001,0.00036047755321596425,0.004360477553215964
1502,0,20,keep,6,52,swap,0.0013879737816751003,0.003583161674276081,0.004,0.0001,0.001,-0.0015168383257239194,0.0024831616742760805
1502,0,20,keep,9,0,keep,0.06286069005727768,0.0,0.0024166666666666664,0.0,0.0,-0.0024166666666666664,0.0
1502,0,20,keep,9,1,add,0.1037978008389473,0.00010733894809400457,0.0025833333333333333,0.0001,0.001,-0.0035759943852393286,-0.0011593277185726622
1502,0,20,keep,9,2,swap,0.0017529042670503259,0.0009062545413557332,0.0024166666666666664,0.0001,0.001,-0.002610412125310933,-0.0001937454586442666
1502,0,20,keep,9,50,add,0.09826763719320297,0.0037890313652529928,0.0025833333333333333,0.0001,0.001,0.0001056980319196594,0.002522364698586326
1502,0,20,keep,9,52,swap,0.001528251334093511,0.0021228984088774716,0.002458333333333333,0.0001,0.001,-0.0014354349244558617,0.0009812317422108047
1502,0,20,policy,0,0,keep,0.058006737381219864,0.0,0.0040416666666666665,0.0,0.0,-0.0040416666666666665,0.0
1502,0,20,policy,0,1,add,0.09100372344255447,0.006366195310040679,0.004291666666666667,0.0001,0.001,0.0009745286433740122,0.005016195310040678
1502,0,20,policy,0,2,swap,0.0011986600002273917,0.006999106864127302,0.0040416666666666665,0.0001,0.001,0.001857440197460636,0.005899106864127302
1502,0,20,policy,0,50,add,0.09354175627231598,-0.002918759362083412,0.004291666666666667,0.0001,0.001,-0.008310426028750078,-0.0042687593620834114
1502,0,20,policy,0,52,swap,0.0013154067564755678,0.015196391131526044,0.0040416666666666665,0.0001,0.001,0.010054724464859378,0.014096391131526043
1502,0,20,policy,3,0,keep,1.0,0.0,0.004750000000000001,0.0,0.0,-0.004750000000000001,0.0
1502,0,20,policy,6,0,keep,0.07388234883546829,0.0,0.004625000000000001,0.0,0.0,-0.004625000000000001,0.0
1502,0,20,policy,6,1,add,0.14242073893547058,0.0011513149690866031,0.004875,0.0001,0.001,-0.004823685030913396,-0.00019868503091339564
1502,0,20,policy,6,2,swap,0.0006358847604133189,0.0015041572543332826,0.004625000000000001,0.0001,0.001,-0.004220842745666718,0.00040415725433328234
1502,0,20,policy,6,76,add,0.14285345375537872,0.005811358293032698,0.004875,0.0001,0.001,-0.00016364170696730215,0.004461358293032698
1502,0,20,policy,6,85,swap,0.0003991218109149486,0.005300781470569338,0.004625000000000001,0.0001,0.001,-0.0004242185294306628,0.004200781470569338
1502,0,20,policy,6,86,remove,0.002267231699079275,0.001863094065157389,0.004416666666666667,0.0,0.001,-0.003553572601509278,0.0010714273984907229
1502,0,20,policy,6,93,remove,0.0009882363956421614,-0.0005073345872003143,0.004375,0.0,0.001,-0.005882334587200315,-0.0012573345872003141
1502,0,20,policy,9,0,keep,1.0,0.0,0.002958333333333333,0.0,0.0,-0.002958333333333333,0.0
1503,0,5,keep,0,0,keep,0.09136168658733368,0.0,0.004333333333333333,0.0,0.0,-0.004333333333333333,0.0
1503,0,5,keep,0,1,add,0.15797704458236694,0.0062744198832291875,0.005166666666666667,0.0004,0.001,-0.0002922467834374791,0.004041086549895854
1503,0,5,keep,0,2,swap,0.0037033429834991693,0.06725510674198865,0.004166666666666667,0.0004,0.001,0.06168844007532198,0.06602177340865531
1503,0,5,keep,0,25,add,0.16447365283966064,-0.0013116434145945544,0.005166666666666667,0.0004,0.001,-0.007878310081261221,-0.003544976747927888
1503,0,5,keep,0,30,swap,0.001550900167785585,0.006172192159114687,0.004333333333333333,0.0004,0.001,0.00043885882578135354,0.0047721921591146865
1503,0,5,keep,0,31,remove,0.002575403545051813,0.06281434569839428,0.0033333333333333335,0.0,0.001,0.058481012365060946,0.06281434569839428
1503,0,5,keep,0,35,remove,0.0014936868101358414,0.008230340787054313,0.0035,0.0,0.001,0.0037303407870543136,0.008063674120387648
1503,0,5,keep,3,0,keep,0.09150490909814835,0.0,0.0045000000000000005,0.0,0.0,-0.0045000000000000005,0.0
1503,0,5,keep,3,1,add,0.15538357198238373,0.0011504068939673928,0.005333333333333333,0.0004,0.001,-0.0055829264393659405,-0.00108292643936594
1503,0,5,keep,3,2,swap,0.002078108489513397,0.0004715727019986016,0.004333333333333333,0.0004,0.001,-0.005261760631334732,-0.0007617606313347312
1503,0,5,keep,3,25,add,0.1643434762954712,0.0006571791564593532,0.005333333333333333,0.0004,0.001,-0.00607615417687398,-0.0015761541768739796
1503,0,5,keep,3,30,swap,0.0019469108665362,-0.00347231371553014,0.004333333333333333,0.0004,0.001,-0.009205647048863473,-0.004705647048863473
1503,0,5,keep,3,31,remove,0.0022447756491601467,-0.0006383041023467761,0.0035,0.0,0.001,-0.005138304102346776,-0.0006383041023467753
1503,0,5,keep,3,35,remove,0.001970459707081318,-0.004074957403984669,0.0035,0.0,0.001,-0.00857495740398467,-0.004074957403984669
1503,0,5,keep,6,0,keep,0.09396933019161224,0.0,0.004,0.0,0.0,-0.004,0.0
1503,0,5,keep,6,1,add,0.1564674824476242,-0.000705646413279859,0.004833333333333333,0.0004,0.001,-0.006938979746613192,-0.002938979746613192
1503,0,5,keep,6,2,swap,0.00283947610296309,0.008924965378647953,0.0038333333333333336,0.0004,0.001,0.0036916320453146195,0.00769163204531462
1503,0,5,keep,6,25,add,0.16215933859348297,5.56197098418032e-05,0.004833333333333333,0.0004,0.001,-0.00617771362349153,-0.0021777136234915296
1503,0,5,keep,6,30,swap,0.002108881250023842,-0.023207002199074345,0.0038333333333333336,0.0004,0.001,-0.02844033553240768,-0.02444033553240768
1503,0,5,keep,6,31,remove,0.0027572636026889086,0.009706032996768088,0.003,0.0,0.001,0.005706032996768088,0.009706032996768088
1503,0,5,keep,6,35,remove,0.0021944742184132338,-0.02322899636998388,0.003,0.0,0.001,-0.02722899636998388,-0.02322899636998388
1503,0,5,keep,9,0,keep,0.09837573021650314,0.0,0.0021666666666666666,0.0,0.0,-0.0021666666666666666,0.0
1503,0,5,keep,9,1,add,0.1525111198425293,-0.00010766820685048639,0.0026666666666666666,0.0004,0.001,-0.004174334873517153,-0.002007668206850486
1503,0,5,keep,9,2,swap,0.0022395602427423,0.005186346633227923,0.002,0.0004,0.001,0.0017863466332279226,0.003953013299894589
1503,0,5,keep,9,25,add,0.15504662692546844,-0.00023867774125596597,0.0026666666666666666,0.0004,0.001,-0.004305344407922632,-0.0021386777412559657
1503,0,5,keep,9,30,swap,0.003706779330968857,-0.018681369142284354,0.0023333333333333335,0.0004,0.001,-0.02241470247561769,-0.020248035808951022
1503,0,5,keep,9,31,remove,0.0025273978244513273,0.005297563437464237,0.0015,0.0,0.001,0.0027975634374642366,0.004964230104130904
1503,0,5,keep,9,35,remove,0.003350486047565937,-0.01846181364792876,0.0018333333333333333,0.0,0.001,-0.021295146981262093,-0.019128480314595426
1503,0,5,policy,0,0,keep,0.09136168658733368,0.0,0.004333333333333333,0.0,0.0,-0.004333333333333333,0.0
1503,0,5,policy,0,1,add,0.15797704458236694,0.0062744198832291875,0.005166666666666667,0.0004,0.001,-0.0002922467834374791,0.004041086549895854
1503,0,5,policy,0,2,swap,0.0037033429834991693,0.06725510674198865,0.004166666666666667,0.0004,0.001,0.06168844007532198,0.06602177340865531
1503,0,5,policy,0,25,add,0.16447365283966064,-0.0013116434145945544,0.005166666666666667,0.0004,0.001,-0.007878310081261221,-0.003544976747927888
1503,0,5,policy,0,30,swap,0.001550900167785585,0.006172192159114687,0.004333333333333333,0.0004,0.001,0.00043885882578135354,0.0047721921591146865
1503,0,5,policy,0,31,remove,0.002575403545051813,0.06281434569839428,0.0033333333333333335,0.0,0.001,0.058481012365060946,0.06281434569839428
1503,0,5,policy,0,35,remove,0.0014936868101358414,0.008230340787054313,0.0035,0.0,0.001,0.0037303407870543136,0.008063674120387648
1503,0,5,policy,3,0,keep,1.0,0.0,0.006166666666666667,0.0,0.0,-0.006166666666666667,0.0
1503,0,5,policy,6,0,keep,0.10902028530836105,0.0,0.006833333333333334,0.0,0.0,-0.006833333333333334,0.0
1503,0,5,policy,6,1,add,0.38265809416770935,-0.0006634527536601986,0.007666666666666667,0.0004,0.001,-0.009730119420326866,-0.0028967860869935323
1503,0,5,policy,6,2,swap,0.0046231988817453384,0.008156549307129612,0.006666666666666667,0.0004,0.001,8.988264046294538e-05,0.006923215973796279
1503,0,5,policy,6,10,add,0.4053806662559509,-0.0001603127646386815,0.007333333333333333,0.0004,0.001,-0.008893646097972014,-0.0020603127646386804
1503,0,5,policy,6,18,swap,0.004313972312957048,-0.025113567880244103,0.006333333333333333,0.0004,0.001,-0.03284690121357743,-0.026013567880244098
1503,0,5,policy,6,19,remove,0.0019134803442284465,0.008894277446763188,0.005833333333333334,0.0,0.001,0.0020609441134298544,0.008894277446763188
1503,0,5,policy,6,26,remove,0.0017233859980478883,-0.024758356038740437,0.005833333333333334,0.0,0.001,-0.03159168937207377,-0.024758356038740433
1503,0,5,policy,9,0,keep,1.0,0.0,0.004,0.0,0.0,-0.004,0.0
1504,0,10,keep,0,0,keep,0.09131231904029846,0.0,0.00425,0.0,0.0,-0.00425,0.0
1504,0,10,keep,0,1,add,0.7905972003936768,0.021137238930452718,0.004583333333333333,0.0002,0.001,0.015353905597119383,0.019603905597119383
1504,0,10,keep,0,2,swap,0.007088329643011093,0.0344054909138749,0.004083333333333333,0.0002,0.001,0.02912215758054157,0.03337215758054157
1504,0,10,keep,0,10,swap,0.011259477585554123,0.019368846308853715,0.004083333333333333,0.0002,0.001,0.014085512975520381,0.01833551297552038
1504,0,10,keep,3,0,keep,0.08624446392059326,0.0,0.004166666666666667,0.0,0.0,-0.004166666666666667,0.0
1504,0,10,keep,3,1,add,0.8006816506385803,-0.0009969037713990492,0.004333333333333333,0.0002,0.001,-0.006530237104732382,-0.0023635704380657154
1504,0,10,keep,3,2,swap,0.007448311895132065,-0.01469775800333839,0.0038333333333333336,0.0002,0.001,-0.019731091336671724,-0.015564424670005059
1504,0,10,keep,3,10,swap,0.006132420152425766,-0.0013557930756351588,0.0038333333333333336,0.0002,0.001,-0.006389126408968492,-0.0022224597423018255
1504,0,10,keep,6,0,keep,0.08790412545204163,0.0,0.0037500000000000003,0.0,0.0,-0.0037500000000000003,0.0
1504,0,10,keep,6,1,add,0.8027319312095642,0.0015818595433916283,0.004,0.0002,0.001,-0.003618140456608372,0.00013185954339162836
1504,0,10,keep,6,2,swap,0.007801663130521774,-0.006241067231462116,0.0035,0.0002,0.001,-0.010941067231462116,-0.007191067231462116
1504,0,10,keep,6,10,swap,0.0075556193478405476,-0.006682744313713629,0.0035833333333333333,0.0002,0.001,-0.011466077647046963,-0.007716077647046963
1504,0,10,keep,9,0,keep,0.08254436403512955,0.0,0.0021666666666666666,0.0,0.0,-0.0021666666666666666,0.0
1504,0,10,keep,9,1,add,0.8041151165962219,0.010271746284403638,0.0023333333333333335,0.0002,0.001,0.006738412951070305,0.008905079617736972
1504,0,10,keep,9,2,swap,0.009243598207831383,0.00966380334933914,0.002,0.0002,0.001,0.00646380334933914,0.008630470016005806
1504,0,10,keep,9,10,swap,0.007123440038412809,0.01028131926294329,0.0021666666666666666,0.0002,0.001,0.006914652596276621,0.009081319262943288
1504,0,10,policy,0,0,keep,0.09131231904029846,0.0,0.00425,0.0,0.0,-0.00425,0.0
1504,0,10,policy,0,1,add,0.7905972003936768,0.021137238930452718,0.004583333333333333,0.0002,0.001,0.015353905597119383,0.019603905597119383
1504,0,10,policy,0,2,swap,0.007088329643011093,0.0344054909138749,0.004083333333333333,0.0002,0.001,0.02912215758054157,0.03337215758054157
1504,0,10,policy,0,10,swap,0.011259477585554123,0.019368846308853715,0.004083333333333333,0.0002,0.001,0.014085512975520381,0.01833551297552038
1504,0,10,policy,3,0,keep,0.8966174125671387,0.0,0.004583333333333333,0.0,0.0,-0.004583333333333333,0.0
1504,0,10,policy,3,1,remove,0.007705871481448412,-0.014748691980318474,0.004083333333333333,0.0,0.001,-0.01983202531365181,-0.015248691980318476
1504,0,10,policy,3,10,remove,0.010585488751530647,-0.000723412756643893,0.004083333333333333,0.0,0.001,-0.005806746089977226,-0.0012234127566438926
1504,0,10,policy,6,0,keep,0.9113044142723083,0.0,0.003916666666666667,0.0,0.0,-0.003916666666666667,0.0
1504,0,10,policy,6,1,remove,0.007099824491888285,-0.0052586745526147505,0.003416666666666667,0.0,0.001,-0.009675341219281416,-0.005758674552614749
1504,0,10,policy,6,10,remove,0.006140144541859627,-0.006408637874494527,0.0035,0.0,0.001,-0.010908637874494528,-0.00699197120782786
1504,0,10,policy,9,0,keep,0.9055120944976807,0.0,0.0023333333333333335,0.0,0.0,-0.0023333333333333335,0.0
1504,0,10,policy,9,1,remove,0.007679617963731289,-0.0009129954695644704,0.002,0.0,0.001,-0.0039129954695644705,-0.001579662136231137
1504,0,10,policy,9,10,remove,0.009239221923053265,0.0014620366803662632,0.0021666666666666666,0.0,0.001,-0.0017046299863004034,0.0006287033470329302
1505,0,5,keep,0,0,keep,0.08252781629562378,0.0,0.0036666666666666666,0.0,0.0,-0.0036666666666666666,0.0
1505,0,5,keep,0,1,add,0.1273822784423828,0.012346581556050618,0.004166666666666667,0.0004,0.001,0.006779914889383952,0.010446581556050619
1505,0,5,keep,0,2,swap,0.007278797682374716,-0.04845083290429231,0.0031666666666666666,0.0004,0.001,-0.05301749957095897,-0.049350832904292305
1505,0,5,keep,0,20,add,0.1278192400932312,-0.0006871007890072445,0.0045000000000000005,0.0004,0.001,-0.006587100789007245,-0.0029204341223405786
1505,0,5,keep,0,22,swap,0.0033226562663912773,0.07419708629571109,0.0035,0.0004,0.001,0.06929708629571109,0.07296375296237775
1505,0,5,keep,3,0,keep,0.07967972755432129,0.0,0.004,0.0,0.0,-0.004,0.0
1505,0,5,keep,3,1,add,0.12958844006061554,0.000325352169559312,0.004333333333333333,0.0004,0.001,-0.005407981163774021,-0.0014079811637740212
1505,0,5,keep,3,2,swap,0.006333924364298582,-0.010710855494215799,0.0033333333333333335,0.0004,0.001,-0.015444188827549131,-0.011444188827549131
1505,0,5,keep,3,20,add,0.13292717933654785,0.0010414872681668852,0.004833333333333333,0.0004,0.001,-0.005191846065166448,-0.0011918460651664476
1505,0,5,keep,3,22,swap,0.0026834055315703154,-0.002268801526235098,0.0038333333333333336,0.0004,0.001,-0.007502134859568432,-0.0035021348595684317
1505,0,5,keep,6,0,keep,0.08689183741807938,0.0,0.004,0.0,0.0,-0.004,0.0
1505,0,5,keep,6,1,add,0.13506342470645905,0.0015607637652694795,0.004333333333333333,0.0004,0.001,-0.004172569568063854,-0.0001725695680638538
1505,0,5,keep,6,2,swap,0.010395994409918785,-0.002325493404806256,0.0033333333333333335,0.0004,0.001,-0.00705882673813959,-0.00305882673813959
1505,0,5,keep,6,20,add,0.12922954559326172,0.0018027516365205498,0.004833333333333333,0.0004,0.001,-0.004430581696812783,-0.000430581696812783
1505,0,5,keep,6,22,swap,0.00466638058423996,0.01443882771730387,0.0038333333333333336,0.0004,0.001,0.009205494383970537,0.013205494383970538
1505,0,5,keep,9,0,keep,0.08604251593351364,0.0,0.0021666666666666666,0.0,0.0,-0.0021666666666666666,0.0
1505,0,5,keep,9,1,add,0.12692460417747498,0.0018354323492363323,0.0026666666666666666,0.0004,0.001,-0.002231234317430334,-6.456765076366753e-05
1505,0,5,keep,9,2,swap,0.007212297525256872,-0.006224695228930099,0.002,0.0004,0.001,-0.0096246952289301,-0.007458028562263433
1505,0,5,keep,9,20,add,0.1289457231760025,0.0010711512609499207,0.0026666666666666666,0.0004,0.001,-0.002995515405716746,-0.0008288487390500795
1505,0,5,keep,9,22,swap,0.0033559270668774843,0.003407834624038819,0.0021666666666666666,0.0004,0.001,-0.00015883204262784746,0.002007834624038819
1505,0,5,policy,0,0,keep,0.08252781629562378,0.0,0.0036666666666666666,0.0,0.0,-0.0036666666666666666,0.0
1505,0,5,policy,0,1,add,0.1273822784423828,0.012346581556050618,0.004166666666666667,0.0004,0.001,0.006779914889383952,0.010446581556050619
1505,0,5,policy,0,2,swap,0.007278797682374716,-0.04845083290429231,0.0031666666666666666,0.0004,0.001,-0.05301749957095897,-0.049350832904292305
1505,0,5,policy,0,20,add,0.1278192400932312,-0.0006871007890072445,0.0045000000000000005,0.0004,0.001,-0.006587100789007245,-0.0029204341223405786
1505,0,5,policy,0,22,swap,0.0033226562663912773,0.07419708629571109,0.0035,0.0004,0.001,0.06929708629571109,0.07296375296237775
1505,0,5,policy,3,0,keep,1.0,0.0,0.005333333333333333,0.0,0.0,-0.005333333333333333,0.0
1505,0,5,policy,6,0,keep,0.11182989925146103,0.0,0.006500000000000001,0.0,0.0,-0.006500000000000001,0.0
1505,0,5,policy,6,1,add,0.2487456500530243,0.0003639374975415999,0.007500000000000001,0.0004,0.001,-0.008536062502458402,-0.002036062502458401
1505,0,5,policy,6,2,swap,0.00747788418084383,-0.010446979623894515,0.006500000000000001,0.0004,0.001,-0.018346979623894515,-0.011846979623894515
1505,0,5,policy,6,17,add,0.24589014053344727,0.0011197941164776681,0.007333333333333333,0.0004,0.001,-0.007613539216855665,-0.0011135392168556647
1505,0,5,policy,6,24,swap,0.004500242415815592,-0.016586453806163748,0.006333333333333333,0.0004,0.001,-0.024319787139497083,-0.017819787139497084
1505,0,5,policy,6,25,remove,0.003722371533513069,-0.010940419019438874,0.0055000000000000005,0.0,0.001,-0.017440419019438876,-0.010940419019438876
1505,0,5,policy,6,31,remove,0.0028709694743156433,-0.01755767926537144,0.0055000000000000005,0.0,0.001,-0.024057679265371442,-0.01755767926537144
1505,0,5,policy,9,0,keep,1.0,0.0,0.004,0.0,0.0,-0.004,0.0
1506,0,20,keep,0,0,keep,0.05839415639638901,0.0,0.004125,0.0,0.0,-0.004125,0.0
1506,0,20,keep,0,1,add,0.09284045547246933,-3.175982589209703e-05,0.004375,0.0001,0.001,-0.005506759825892098,-0.0013817598258920975
1506,0,20,keep,0,2,swap,0.0012555763823911548,-0.0019863081940239002,0.004166666666666667,0.0001,0.001,-0.007252974860690567,-0.003127974860690567
1506,0,20,keep,0,50,add,0.09561806172132492,-0.001621099103795265,0.004375,0.0001,0.001,-0.007096099103795266,-0.0029710991037952654
1506,0,20,keep,0,52,swap,0.0016327943885698915,0.011338974847891592,0.004125,0.0001,0.001,0.0061139748478915915,0.010238974847891592
1506,0,20,keep,3,0,keep,0.06146227568387985,0.0,0.004416666666666667,0.0,0.0,-0.004416666666666667,0.0
1506,0,20,keep,3,1,add,0.09129966795444489,-0.00171317217325484,0.004666666666666667,0.0001,0.001,-0.007479838839921507,-0.0030631721732548405
1506,0,20,keep,3,2,swap,0.0014804481761530042,-0.001230388943464833,0.004416666666666667,0.0001,0.001,-0.0067470556101315,-0.0023303889434648332
1506,0,20,keep,3,50,add,0.0952761322259903,0.003194201134417707,0.004666666666666667,0.0001,0.001,-0.0025724655322489605,0.0018442011344177063
1506,0,20,keep,3,52,swap,0.001536937546916306,0.0028658037744919707,0.004416666666666667,0.0001,0.001,-0.0026508628921746965,0.0017658037744919704
1506,0,20,keep,6,0,keep,0.06197961047291756,0.0,0.004208333333333333,0.0,0.0,-0.004208333333333333,0.0
1506,0,20,keep,6,1,add,0.0896361917257309,-0.001048125697260538,0.004458333333333333,0.0001,0.001,-0.0066064590305938715,-0.0023981256972605385
1506,0,20,keep,6,2,swap,0.00131851842161268,-0.002150631938821146,0.004208333333333333,0.0001,0.001,-0.007458965272154479,-0.003250631938821146
1506,0,20,keep,6,50,add,0.0939868912100792,0.002374966455304328,0.004458333333333333,0.0001,0.001,-0.003183366878029005,0.001024966455304328
1506,0,20,keep,6,52,swap,0.0017498026136308908,0.0005156182855496905,0.004208333333333333,0.0001,0.001,-0.004792715047783643,-0.0005843817144503098
1506,0,20,keep,9,0,keep,0.06295205652713776,0.0,0.0023750000000000004,0.0,0.0,-0.0023750000000000004,0.0
1506,0,20,keep,9,1,add,0.08780268579721451,2.261320778274012e-05,0.0025416666666666665,0.0001,0.001,-0.003619053458883926,-0.0012440534588839258
1506,0,20,keep,9,2,swap,0.001390113146044314,0.0002668184367209392,0.0024166666666666664,0.0001,0.001,-0.003249848229945727,-0.0008748482299457266
1506,0,20,keep,9,50,add,0.09537965059280396,0.0014955815999335709,0.0025416666666666665,0.0001,0.001,-0.0021460850667330954,0.00022891493326690493
1506,0,20,keep,9,52,swap,0.0018587034428492188,0.00018483963124871217,0.0024166666666666664,0.0001,0.001,-0.003331827035417954,-0.0009568270354179537
1506,0,20,policy,0,0,keep,0.05839415639638901,0.0,0.004125,0.0,0.0,-0.004125,0.0
1506,0,20,policy,0,1,add,0.09284045547246933,-3.175982589209703e-05,0.004375,0.0001,0.001,-0.005506759825892098,-0.0013817598258920975
1506,0,20,policy,0,2,swap,0.0012555763823911548,-0.0019863081940239002,0.004166666666666667,0.0001,0.001,-0.007252974860690567,-0.003127974860690567
1506,0,20,policy,0,50,add,0.09561806172132492,-0.001621099103795265,0.004375,0.0001,0.001,-0.007096099103795266,-0.0029710991037952654
1506,0,20,policy,0,52,swap,0.0016327943885698915,0.011338974847891592,0.004125,0.0001,0.001,0.0061139748478915915,0.010238974847891592
1506,0,20,policy,3,0,keep,1.0,0.0,0.004875,0.0,0.0,-0.004875,0.0
1506,0,20,policy,6,0,keep,0.07607609778642654,0.0,0.004958333333333333,0.0,0.0,-0.004958333333333333,0.0
1506,0,20,policy,6,1,add,0.13871534168720245,-0.0010715617068768335,0.005208333333333333,0.0001,0.001,-0.007379895040210167,-0.002421561706876834
1506,0,20,policy,6,2,swap,0.0006982236518524587,-0.0021986690873645465,0.004958333333333333,0.0001,0.001,-0.008257002420697879,-0.003298669087364546
1506,0,20,policy,6,76,add,0.13768421113491058,0.006462748680848618,0.005208333333333333,0.0001,0.001,0.00015441534751528476,0.005112748680848617
1506,0,20,policy,6,85,swap,0.0012571808183565736,0.006635350510520555,0.004958333333333333,0.0001,0.001,0.0005770171771872217,0.005535350510520554
1506,0,20,policy,6,86,remove,0.0013218290405347943,0.006900661097203331,0.004750000000000001,0.0,0.001,0.0011506610972033303,0.006108994430536663
1506,0,20,policy,6,93,remove,0.001435781829059124,-0.0007427938656614508,0.0047083333333333335,0.0,0.001,-0.006451127198994784,-0.0014927938656614514
1506,0,20,policy,9,0,keep,0.894581139087677,0.0,0.0028333333333333335,0.0,0.0,-0.0028333333333333335,0.0
1506,0,20,policy,9,111,remove,0.10541882365942001,-4.060968450403379e-09,0.0027916666666666667,0.0,0.001,-0.003791670727635117,-0.0009583373943017836
