seed,decision_epoch,action_id,action_kind,added_edges,removed_edges,lookahead_steps,final_position_rmse,position_rmse_reduction_vs_keep,transmitted_messages,replay_count,resynchronization_count,topology_switch_count
0,23,0,keep,,,2,0.7058304880041302,0.0,37.0,37.0,0.0,0.0
0,23,1,add,sat_p02_s01|sat_p05_s04,,2,0.7066678034187832,-0.0008373154146530393,39.0,39.0,2.0,1.0
0,23,2,swap,sat_p02_s01|sat_p05_s04,sat_p01_s02|sat_p02_s01,2,0.7104418466026852,-0.004611358598554993,37.0,37.0,2.0,1.0
0,23,3,swap,sat_p02_s01|sat_p05_s04,sat_p01_s02|sat_p05_s04,2,0.7060842041129068,-0.0002537161087766693,37.0,37.0,2.0,1.0
0,23,4,add,sat_p02_s02|sat_p04_s03,,2,0.7060559897074872,-0.0002255017033570006,39.0,39.0,2.0,1.0
0,23,5,swap,sat_p02_s02|sat_p04_s03,sat_p01_s01|sat_p03_s02,2,0.7067057824408782,-0.0008752944367480531,37.0,37.0,2.0,1.0
0,23,6,swap,sat_p02_s02|sat_p04_s03,sat_p01_s01|sat_p04_s01,2,0.7079838514558666,-0.0021533634517364453,37.0,37.0,2.0,1.0
0,23,7,swap,sat_p02_s02|sat_p04_s03,sat_p01_s02|sat_p02_s01,2,0.7097558348504579,-0.003925346846327726,37.0,37.0,2.0,1.0
0,23,8,swap,sat_p02_s02|sat_p04_s03,sat_p01_s02|sat_p05_s04,2,0.7053555787614078,0.0004749092427224211,37.0,37.0,2.0,1.0
0,23,9,swap,sat_p02_s02|sat_p04_s03,sat_p01_s03|sat_p03_s04,2,0.7032355030313406,0.002594984972789538,37.0,37.0,2.0,1.0
0,23,10,swap,sat_p02_s02|sat_p04_s03,sat_p01_s03|sat_p04_s03,2,0.7047743687286485,0.0010561192754816595,37.0,37.0,2.0,1.0
0,23,11,swap,sat_p02_s02|sat_p04_s03,sat_p02_s01|sat_p03_s04,2,0.7093004876603636,-0.0034699996562334023,37.0,37.0,2.0,1.0
0,23,12,swap,sat_p02_s02|sat_p04_s03,sat_p02_s02|sat_p03_s01,2,0.7058935763589842,-6.308835485402398e-05,38.0,37.0,2.0,1.0
0,23,13,swap,sat_p02_s02|sat_p04_s03,sat_p03_s01|sat_p04_s04,2,0.7062903272147618,-0.0004598392106316407,37.0,37.0,2.0,1.0
0,23,14,swap,sat_p02_s02|sat_p04_s03,sat_p03_s02|sat_p05_s03,2,0.7062538701437936,-0.00042338213966341964,37.0,37.0,2.0,1.0
0,23,15,swap,sat_p02_s02|sat_p04_s03,sat_p04_s01|sat_p05_s04,2,0.7048616362163006,0.0009688517878295722,37.0,37.0,2.0,1.0
0,23,16,swap,sat_p02_s02|sat_p04_s03,sat_p04_s04|sat_p05_s03,2,0.7107912870961494,-0.004960799092019186,37.0,37.0,2.0,1.0
0,23,17,add,sat_p02_s02|sat_p04_s04,,2,0.7053081313219688,0.0005223566821613845,39.0,38.0,2.0,1.0
0,23,18,swap,sat_p02_s02|sat_p04_s04,sat_p02_s02|sat_p03_s01,2,0.7052526784522414,0.0005778095518887971,38.0,36.0,2.0,1.0
0,23,19,swap,sat_p02_s02|sat_p04_s04,sat_p03_s01|sat_p04_s04,2,0.7057860977716394,4.4390232490809645e-05,37.0,36.0,2.0,1.0
0,23,20,add,sat_p02_s03|sat_p03_s02,,2,0.7077514508041945,-0.0019209628000643741,39.0,39.0,2.0,1.0
0,23,21,swap,sat_p02_s03|sat_p03_s02,sat_p01_s01|sat_p03_s02,2,0.7084486174925684,-0.0026181294884382034,37.0,37.0,2.0,1.0
0,23,22,swap,sat_p02_s03|sat_p03_s02,sat_p01_s01|sat_p04_s01,2,0.7096747067748053,-0.0038442187706750897,37.0,37.0,2.0,1.0
0,23,23,swap,sat_p02_s03|sat_p03_s02,sat_p01_s02|sat_p02_s01,2,0.7114424787836987,-0.005611990779568532,37.0,37.0,2.0,1.0
0,23,24,swap,sat_p02_s03|sat_p03_s02,sat_p01_s02|sat_p05_s04,2,0.7070527193947164,-0.0012222313905861926,37.0,37.0,2.0,1.0
0,23,25,swap,sat_p02_s03|sat_p03_s02,sat_p01_s03|sat_p03_s04,2,0.7049377477744867,0.0008927402296434739,37.0,37.0,2.0,1.0
0,23,26,swap,sat_p02_s03|sat_p03_s02,sat_p01_s03|sat_p04_s03,2,0.7064210532919643,-0.0005905652878340772,37.0,37.0,2.0,1.0
0,23,27,swap,sat_p02_s03|sat_p03_s02,sat_p01_s04|sat_p02_s03,2,0.7068953827327017,-0.0010648947285715193,37.0,37.0,2.0,1.0
0,23,28,swap,sat_p02_s03|sat_p03_s02,sat_p01_s04|sat_p05_s02,2,0.7067908894794142,-0.0009604014752839785,37.0,37.0,2.0,1.0
0,23,29,swap,sat_p02_s03|sat_p03_s02,sat_p02_s01|sat_p03_s04,2,0.7109882117931722,-0.005157723789042001,37.0,37.0,2.0,1.0
0,23,30,swap,sat_p02_s03|sat_p03_s02,sat_p04_s01|sat_p05_s04,2,0.7065599632891348,-0.000729475285004666,37.0,37.0,2.0,1.0
0,23,31,swap,sat_p02_s03|sat_p03_s02,sat_p04_s03|sat_p05_s02,2,0.711057529285498,-0.005227041281367861,37.0,37.0,2.0,1.0
0,23,32,add,sat_p02_s03|sat_p05_s02,,2,0.7042424884188939,0.001587999585236255,39.0,39.0,2.0,1.0
0,23,33,swap,sat_p02_s03|sat_p05_s02,sat_p01_s04|sat_p02_s03,2,0.7033920947820076,0.0024383932221225812,37.0,37.0,2.0,1.0
0,23,34,swap,sat_p02_s03|sat_p05_s02,sat_p01_s04|sat_p05_s02,2,0.703052732305762,0.002777755698368134,37.0,37.0,2.0,1.0
0,23,35,add,sat_p02_s04|sat_p04_s01,,2,0.7011751824675502,0.004655305536580001,39.0,38.0,2.0,1.0
0,23,36,swap,sat_p02_s04|sat_p04_s01,sat_p01_s02|sat_p02_s01,2,0.7049006461983516,0.0009298418057785973,37.0,36.0,2.0,1.0
0,23,37,swap,sat_p02_s04|sat_p04_s01,sat_p01_s02|sat_p05_s04,2,0.7004698911419559,0.005360596862174272,37.0,36.0,2.0,1.0
0,23,38,swap,sat_p02_s04|sat_p04_s01,sat_p02_s01|sat_p03_s04,2,0.7044421606504062,0.0013883273537239615,37.0,36.0,2.0,1.0
0,23,39,swap,sat_p02_s04|sat_p04_s01,sat_p02_s04|sat_p03_s03,2,0.701045442218715,0.004785045785415165,37.0,36.0,2.0,1.0
0,23,40,swap,sat_p02_s04|sat_p04_s01,sat_p03_s03|sat_p04_s02,2,0.7018336047849273,0.003996883219202885,37.0,37.0,2.0,1.0
0,23,41,swap,sat_p02_s04|sat_p04_s01,sat_p03_s04|sat_p05_s01,2,0.7011751824675502,0.004655305536580001,37.0,36.0,2.0,1.0
0,23,42,swap,sat_p02_s04|sat_p04_s01,sat_p04_s01|sat_p05_s04,2,0.699980288535279,0.005850199468851125,37.0,36.0,2.0,1.0
0,23,43,swap,sat_p02_s04|sat_p04_s01,sat_p04_s02|sat_p05_s01,2,0.6993172272822905,0.006513260721839664,37.0,36.0,2.0,1.0
0,23,44,add,sat_p02_s04|sat_p04_s02,,2,0.7047420040381864,0.0010884839659437429,39.0,39.0,2.0,1.0
0,23,45,swap,sat_p02_s04|sat_p04_s02,sat_p02_s04|sat_p03_s03,2,0.7046448599632917,0.0011856280408384379,37.0,37.0,2.0,1.0
0,23,46,swap,sat_p02_s04|sat_p04_s02,sat_p03_s03|sat_p04_s02,2,0.7053679642377974,0.000462523766332823,37.0,38.0,2.0,1.0
0,23,47,add,sat_p03_s01|sat_p05_s03,,2,0.7026284603802554,0.0032020276238747813,39.0,39.0,2.0,1.0
0,23,48,swap,sat_p03_s01|sat_p05_s03,sat_p03_s01|sat_p04_s04,2,0.7028539124040312,0.0029765756000990073,37.0,37.0,2.0,1.0
0,23,49,swap,sat_p03_s01|sat_p05_s03,sat_p04_s04|sat_p05_s03,2,0.706464743971731,-0.0006342559676008053,37.0,37.0,2.0,1.0
0,23,50,add,sat_p03_s03|sat_p05_s01,,2,0.7097423769659748,-0.0039118889618445785,39.0,39.0,2.0,1.0
0,23,51,swap,sat_p03_s03|sat_p05_s01,sat_p03_s03|sat_p04_s02,2,0.7103981905646802,-0.004567702560550058,37.0,38.0,2.0,1.0
0,23,52,swap,sat_p03_s03|sat_p05_s01,sat_p04_s02|sat_p05_s01,2,0.708018918785055,-0.0021884307809247883,37.0,37.0,2.0,1.0
