seed,method,position_rmse,velocity_rmse,mean_angle_nis,mean_orbit_nees,mean_attitude_error_deg,failed,error
20260729,truth_attitude,0.4154344827790648,0.0009722687353850976,1.9632972127792179,0.00046683387786787355,0.051271702015202474,False,
20260729,mekf_with_covariance,0.4108002489784077,0.001666375697999829,1.1747502832931773,0.001007624412135068,0.051271702015202474,False,
20260729,mekf_without_covariance,0.41821043794835294,0.0017293068787954577,5.979369082828315,0.0010852313226414505,0.051271702015202474,False,
20260730,truth_attitude,0.3718046823062973,0.0025231894417942417,1.8068716223828405,0.0020035326334894403,0.051439485368907294,False,
20260730,mekf_with_covariance,0.4160659670282422,0.0029089959541569485,0.9702447599424275,0.0026117658463111456,0.051439485368907294,False,
20260730,mekf_without_covariance,0.3690162107563413,0.0029109167225261456,4.6297279686567965,0.002638279706392324,0.051439485368907294,False,
20260731,truth_attitude,0.3908708696146029,0.0020125117371834755,1.7805748758483837,0.0013410087999618234,0.049053258988941736,False,
20260731,mekf_with_covariance,0.40583459214504886,0.002245104660462145,1.0220401426372365,0.001618884502426817,0.049053258988941736,False,
20260731,mekf_without_covariance,0.4067961945872721,0.002400195383828263,4.775960491082016,0.0018729537555746446,0.049053258988941736,False,
20260732,truth_attitude,0.4322451566967373,0.00178971627146986,2.2091103681743305,0.0011344033840501035,0.0624069848180023,False,
20260732,mekf_with_covariance,0.4148981196691929,0.0024183339857004175,1.320451377423845,0.0018885214467589883,0.0624069848180023,False,
20260732,mekf_without_covariance,0.4713079918167348,0.0023375586168709996,6.201503009468908,0.0018598911390305972,0.0624069848180023,False,
20260733,truth_attitude,0.3917911769626148,0.0017840521084691357,1.8644621090011828,0.0010739524780324318,0.06506027804623014,False,
20260733,mekf_with_covariance,0.400619729617654,0.002184674408860394,1.7787270064932534,0.0015315984316609237,0.06506027804623014,False,
20260733,mekf_without_covariance,0.38942458657405227,0.0021601362746110505,7.87849260957603,0.0015183279308709167,0.06506027804623014,False,
20260734,truth_attitude,0.3975528004643459,0.001288077023994175,2.0252634043298716,0.0006626577992746547,0.05830293399563061,False,
20260734,mekf_with_covariance,0.40032870485970223,0.0025685137730267053,1.2131020055819348,0.0021425932464085987,0.05830293399563061,False,
20260734,mekf_without_covariance,0.4447013055491614,0.002648430521591758,6.069743258314935,0.002321809251484665,0.05830293399563061,False,
20260735,truth_attitude,0.39727570903790527,0.0016942907637198868,1.9175031993193603,0.0010200970588667476,0.0706712173587486,False,
20260735,mekf_with_covariance,0.4012314701371685,0.0024702331113765335,1.719597291574601,0.0019738816727854418,0.0706712173587486,False,
20260735,mekf_without_covariance,0.4029648761060376,0.002610091248118163,8.212697162778504,0.002208401741652131,0.0706712173587486,False,
20260736,truth_attitude,0.383456572285518,0.0024810189360058043,1.76926105583605,0.0018799220248410593,0.05560981334828607,False,
20260736,mekf_with_covariance,0.3979594183468813,0.0026366705935916375,1.1129872734367465,0.0021129322014593398,0.05560981334828607,False,
20260736,mekf_without_covariance,0.3958998123474107,0.0027724429586269833,5.515756615811459,0.002357571919568035,0.05560981334828607,False,
20260737,truth_attitude,0.3793691130839087,0.001903720796148607,1.9600837562926192,0.001207123238608398,0.07088450808251456,False,
20260737,mekf_with_covariance,0.3878378564280641,0.0025865255552784674,1.7151677221345059,0.0021169934226198737,0.07088450808251456,False,
20260737,mekf_without_covariance,0.3784470552803337,0.0026938132033351705,7.828706031265464,0.00230044630039146,0.07088450808251456,False,
20260738,truth_attitude,0.3952085768362529,0.0015861850202361681,1.837413739016928,0.0009060494920717359,0.06166107915910718,False,
20260738,mekf_with_covariance,0.4215317663565106,0.0022289590803262556,1.3977234693091745,0.0016419363471525937,0.06166107915910718,False,
20260738,mekf_without_covariance,0.4286991723462262,0.0025070724934124636,6.678838146546411,0.002067150952812684,0.06166107915910718,False,
20260739,truth_attitude,0.4248660648602246,0.0013871599705097368,1.654500409452467,0.0007466324321952618,0.04815339326823762,False,
20260739,mekf_with_covariance,0.4137260538724938,0.0018116114634064684,0.9876956862011891,0.0011399438088561433,0.04815339326823762,False,
20260739,mekf_without_covariance,0.42228305925506743,0.0018674827703484198,5.041830371351514,0.0012265184871041897,0.04815339326823762,False,
20260740,truth_attitude,0.3927522034243948,0.001955759846844971,1.804521355230542,0.0012822337116557131,0.06018716706889908,False,
20260740,mekf_with_covariance,0.3904924318020947,0.0026183440885502365,1.4429373758306576,0.002162814005324299,0.06018716706889908,False,
20260740,mekf_without_covariance,0.4006897855526372,0.002667256377994898,7.042019963563446,0.0022805863725108965,0.06018716706889908,False,
20260741,truth_attitude,0.3976728083289371,0.0022359439519245507,1.8889344186856132,0.001625459185914107,0.055145452159106254,False,
20260741,mekf_with_covariance,0.38781542814254905,0.0027029772753967233,0.961470626126612,0.002245848023643495,0.055145452159106254,False,
20260741,mekf_without_covariance,0.390849673848579,0.0024307533059748335,4.762463368287965,0.0018957323526951682,0.055145452159106254,False,
20260742,truth_attitude,0.3949781443421791,0.0017879339007446122,1.778796656131176,0.0010970345294602337,0.06261707005827621,False,
20260742,mekf_with_covariance,0.4059537572814463,0.002085317423909638,1.3582801268031919,0.001426045425559183,0.06261707005827621,False,
20260742,mekf_without_covariance,0.40620392793093985,0.0021760393365815047,6.458107576904311,0.0015739828280013476,0.06261707005827621,False,
20260743,truth_attitude,0.40174706330591486,0.0017715338004445835,1.915885205677377,0.001076585282823644,0.054665065028850775,False,
20260743,mekf_with_covariance,0.39233165684873617,0.0019100099955720628,1.2383025546361681,0.0012127367696079608,0.054665065028850775,False,
20260743,mekf_without_covariance,0.3921953467185228,0.0020727622579338437,5.816457176757859,0.001416976750230788,0.054665065028850775,False,
20260744,truth_attitude,0.40634300810423635,0.0018969280823299462,1.9643538536443603,0.0012205181460966793,0.06126971553677731,False,
20260744,mekf_with_covariance,0.40423096206525577,0.00228373013248324,1.3316504587151319,0.001665718303044587,0.06126971553677731,False,
20260744,mekf_without_covariance,0.41225876385714055,0.0023782153082027918,5.960892365110844,0.001846835333904283,0.06126971553677731,False,
20260745,truth_attitude,0.4431279614572182,0.0021169031039202178,1.7416183813875654,0.0015443922141499598,0.05970031559296897,False,
20260745,mekf_with_covariance,0.46508047388377716,0.0024125843488661536,1.2296983000064934,0.0019092319985867952,0.05970031559296897,False,
20260745,mekf_without_covariance,0.43797170987228534,0.0023752453209006357,6.019864537422591,0.0018891725582619258,0.05970031559296897,False,
20260746,truth_attitude,0.375249551377192,0.0028212919099996248,1.9216054470291921,0.002328045790847091,0.049886169395359364,False,
20260746,mekf_with_covariance,0.39502825995127056,0.003074994583066002,0.9980741254912222,0.002761334472845914,0.049886169395359364,False,
20260746,mekf_without_covariance,0.4036244040449366,0.003089130645653794,4.855803558802351,0.0028303115051561147,0.049886169395359364,False,
20260747,truth_attitude,0.4005850081134087,0.0019401411686397734,1.9907765979100855,0.001245863497102092,0.0658311614146237,False,
20260747,mekf_with_covariance,0.3851145317158958,0.002504118909714976,1.5059116524858158,0.001961731734085115,0.0658311614146237,False,
20260747,mekf_without_covariance,0.35916194694391984,0.00246894246186931,7.29473394026465,0.001911582898156885,0.0658311614146237,False,
20260748,truth_attitude,0.34917755835421804,0.0021659389454304406,1.8936481678861543,0.0015226540502171282,0.06235548879555353,False,
20260748,mekf_with_covariance,0.40529659722476136,0.0027782681733172507,1.2997880123190004,0.002427501826448132,0.06235548879555353,False,
20260748,mekf_without_covariance,0.38199523008095665,0.0028464026135227374,6.364887751208892,0.0025761681729862176,0.06235548879555353,False,
20260749,truth_attitude,0.4029314097940707,0.0015700938257676034,2.0698472936160917,0.0008897204979981303,0.04986037638883533,False,
20260749,mekf_with_covariance,0.39089577261681396,0.0017697334445792709,1.1289195712694442,0.0010692616756205371,0.04986037638883533,False,
20260749,mekf_without_covariance,0.39850335375982343,0.001927042978915784,5.43813068642483,0.0012663926373898539,0.04986037638883533,False,
20260750,truth_attitude,0.38787884033059594,0.0019902948689313918,1.7781448689716557,0.0012924811702811315,0.06431685504176766,False,
20260750,mekf_with_covariance,0.40393218539110637,0.002468122052587318,1.5409015682593847,0.0019207293724043725,0.06431685504176766,False,
20260750,mekf_without_covariance,0.4093253208289065,0.002673945347279239,7.935066032086267,0.002271803511817227,0.06431685504176766,False,
20260751,truth_attitude,0.3995887115943336,0.002134704985249038,1.8827184008215743,0.001508944673405189,0.05404879759999983,False,
20260751,mekf_with_covariance,0.4095379756661544,0.002570443720628355,1.1527235758575591,0.0021045610527821615,0.05404879759999983,False,
20260751,mekf_without_covariance,0.4484015777595811,0.0026302904974957694,5.784985589292156,0.002269395660947215,0.05404879759999983,False,
20260752,truth_attitude,0.41951985834370986,0.0027386487970700113,1.9922735051981812,0.002357739315477142,0.06008300565430351,False,
20260752,mekf_with_covariance,0.41611111274028567,0.0029371302836586435,1.2796096784047262,0.002620170757065878,0.06008300565430351,False,
20260752,mekf_without_covariance,0.4042902636970297,0.0029894158067810587,6.097262533693208,0.0027783436291900928,0.06008300565430351,False,
20260753,truth_attitude,0.41736763913435987,0.0020116562028866143,1.9027283196944937,0.0013608403632420624,0.056050956257864055,False,
20260753,mekf_with_covariance,0.396236647865837,0.0024944440725694446,1.3306673552047323,0.0019671329657173094,0.056050956257864055,False,
20260753,mekf_without_covariance,0.4378658570029337,0.0025894907817061805,6.4033558753377635,0.002181806879603412,0.056050956257864055,False,
20260754,truth_attitude,0.4087381294466755,0.0020516134884462278,1.8922811985888754,0.0014218367613669518,0.059708958257296975,False,
20260754,mekf_with_covariance,0.4562691088808949,0.003150349486441519,1.3010578839586575,0.0031163467935351927,0.059708958257296975,False,
20260754,mekf_without_covariance,0.40043466364991337,0.002812813303479629,5.763234387729725,0.0025305930554081596,0.059708958257296975,False,
20260755,truth_attitude,0.40271915669426894,0.0014217087404459175,1.8079774793027983,0.0007280191186727951,0.05630289582434415,False,
20260755,mekf_with_covariance,0.4024732888720688,0.0019435712724833287,1.2680008530712896,0.001246482542265631,0.05630289582434415,False,
20260755,mekf_without_covariance,0.41414188715859185,0.0020359629576783794,6.263433102542972,0.0013765962891857135,0.05630289582434415,False,
20260756,truth_attitude,0.41438582822594044,0.0017337971055623315,1.9061226060086,0.0010440928830050956,0.05352542304045021,False,
20260756,mekf_with_covariance,0.4017502992409845,0.002012434970601817,1.0614824396728686,0.001326482063109205,0.05352542304045021,False,
20260756,mekf_without_covariance,0.3947535081911988,0.0021483005838311667,5.058375787626626,0.001510536623530485,0.05352542304045021,False,
20260757,truth_attitude,0.4087761977831121,0.0020695641259494218,1.866439600010732,0.001325661119395458,0.06257084249545514,False,
20260757,mekf_with_covariance,0.41240326152158857,0.002898894617290069,1.4830233362413054,0.002535603947367129,0.06257084249545514,False,
20260757,mekf_without_covariance,0.420653602499558,0.002858425179499225,7.294674805589984,0.002506265692273135,0.06257084249545514,False,
20260758,truth_attitude,0.46350797244844527,0.0019504241406434154,2.06834531150265,0.0013473809400607385,0.060529922057481325,False,
20260758,mekf_with_covariance,0.41991278828660844,0.0022581341032077086,1.2856695622756815,0.0016546585308253993,0.060529922057481325,False,
20260758,mekf_without_covariance,0.45833150342289375,0.0023582723077556354,5.976696855907627,0.0018701719285484245,0.060529922057481325,False,
