seed,node_id,independent_position_rmse_m,cooperative_position_rmse_m,cooperative_improvement_percent,topology_degree,radar_observation_count,infrared_observation_count,optical_observation_count,mean_relative_nis,mean_radar_nis,mean_infrared_nis,mean_optical_nis,mean_neighbor_range_m,mean_neighbor_los_angle_deg,independent_radial_rmse_m,independent_along_track_rmse_m,independent_cross_track_rmse_m,cooperative_radial_rmse_m,cooperative_along_track_rmse_m,cooperative_cross_track_rmse_m,initial_segment_improvement_percent,steady_segment_improvement_percent
0,sat_p01_s01,1.8466844587084696,1.8680185166493728,-1.1552627651300926,2,122,122,122,2.1091702020293077,2.0140133014183585,1.96937563777323,2.344121666896334,5830371.235716307,131.275805544026,0.8569961496079974,1.23727001912401,1.0700299011566603,0.8931238151280467,1.4455834725916008,0.7759584094305916,8.96195367041142,-8.558584750512281
0,sat_p01_s02,1.2802970921669894,1.3801610069148538,-7.800057920840697,2,122,122,122,2.0991833281355787,2.171011567003063,2.2380017055897974,1.8885367118138767,5830371.235716306,131.275805544026,0.7222935594708458,0.5590229412047125,0.8971878339372512,0.7766020465970735,0.8798854582041821,0.7263162167198778,-7.583971338811057,-8.119636134615869
0,sat_p02_s01,2.076294985009311,1.6571893655756413,20.18526377319117,2,122,122,122,1.9387094745275235,2.0261465482813246,1.9545130013575192,1.8354688739437273,5696680.689606842,130.44735125932112,1.323922937935873,1.4945861838437597,0.5695972772454317,1.2808355705096715,0.5984285552427047,0.8646502755243246,25.046408886410564,14.610424344500748
0,sat_p02_s02,1.2593592798477238,1.1217578193261644,10.926306950165769,2,122,122,122,1.8429078565015964,1.7286231327497639,1.746842117600046,2.05325831915498,5696680.689606842,130.4473512593211,0.4870083100665851,1.0085334336999991,0.5759071233922668,0.4728761040637599,0.8403357105498386,0.5732056254081687,13.56616511374218,7.614623680072408
0,sat_p03_s01,1.2840512537943052,1.6121012297559212,-25.548043739862038,2,122,122,122,1.9574867178194315,1.6499682834891622,2.1279525992953587,2.0945392706737733,5412750.46053267,128.48288635844995,0.6762317775193438,0.7047041328141744,0.8336007981272441,0.877735467145272,1.1143426059368275,0.7659578195238593,-27.796925765075116,-15.208434522497441
0,sat_p03_s02,1.3463606856343369,1.4168932859115229,-5.238759645150706,2,122,122,122,2.0078603592105133,2.2144248324221065,2.0844973063265946,1.724658938882839,5412750.46053267,128.48288635844995,0.7543435004157008,0.5955025669539573,0.942883700120856,0.8332104141172367,0.41264895031872045,1.0691435045252782,-7.307802832823979,1.3320544071595415
0,sat_p04_s01,1.2878867991160177,1.3870020561192609,-7.695960318195211,2,122,122,122,1.9033482113701994,2.031293610437294,1.7388996699496706,1.9398513537236342,5074540.099114013,125.70578861559211,0.616189436519459,0.7560871242040607,0.8410084697979959,1.0197710839710519,0.5753615851342845,0.743505673365931,8.709504577956677,-27.862911353236214
0,sat_p04_s02,1.8021757719104026,1.3759289436057016,23.651789961245374,2,122,122,122,2.128265426144966,2.27056872384803,1.932825496990031,2.1814020575968374,5074540.099114014,125.70578861559208,0.6192346414067486,0.6724370989150429,1.5531304902503948,0.5875063715425362,0.4898964430021017,1.143686231613686,25.226009328921396,20.34110782292756
0,sat_p05_s01,2.2937728275882514,1.7272277890563397,24.699265407533662,2,122,122,122,2.145594197727871,1.801183157134559,2.2271238156767605,2.408475620372293,4813253.302009773,123.15426500067423,1.628261528472193,1.4044340989556567,0.7985756327175351,1.160828086901905,0.8645470051155539,0.9425245163356976,19.44351981231461,41.06090308482071
0,sat_p05_s02,1.6601540105533894,1.4220310235413116,14.34342750722885,2,122,122,122,2.045843695560683,2.051938780998355,1.9196194519216712,2.1659728537620238,4813253.302009774,123.15426500067424,0.805491671309103,0.8895848613222171,1.1471413516714073,0.7445889133941103,0.49729721209707256,1.104742080670872,18.270992072666186,8.442535201069196
0,sat_p06_s01,1.4081157945533038,1.240228513434393,11.922832040398323,2,122,122,122,2.0792189697148507,2.0315530283109515,2.0353841293017783,2.1707197515318213,4744593.28914247,122.41402948998675,0.8269995635356919,1.0390665961186896,0.4681905825757038,0.8030435693143451,0.820193890021874,0.46964856444936287,-14.174184181442866,27.19460367650577
0,sat_p06_s02,1.3202016051396568,1.24452648657478,5.7320880591469585,2,122,122,122,1.9519829141244076,2.0540901253057036,1.74913528432532,2.0527233327421994,4744593.28914247,122.41402948998675,0.7383310848914344,0.6421496404479794,0.8862524056773525,0.5041462652472758,0.42224546773446875,1.0565942854289385,17.212035731719666,-7.378623852088603
0,sat_p07_s01,1.4993576340959582,1.3712913481153381,8.541410205833781,2,122,122,122,1.9244076350757224,1.9902259450368642,1.8167996115193148,1.9661973486709874,4901209.544789459,124.0580831057591,0.9811959553530056,0.43871128239572554,1.045399551759723,0.951835384484483,0.3963940250529134,0.9040581503208786,5.768825133133233,19.443686124611517
0,sat_p07_s02,1.2221899683739916,1.1520162309591824,5.741639125721903,2,122,122,122,1.966078761575496,1.952610342777785,2.0784135113300697,1.8672124306186333,4901209.544789459,124.0580831057591,0.5993745068489328,0.49283598780220933,0.9442516658500729,0.6268961674684211,0.6124491778607175,0.7476955236889788,1.0150692372407935,17.104467064959014
0,sat_p08_s01,1.764763630024202,1.681513811340081,4.717335356859058,2,122,122,122,1.9334223173321612,2.0134953479523796,1.807956262668996,1.9788153413751082,5210017.4822311085,126.88225023872187,1.4284641892607903,0.5745216877193015,0.8624416271237587,1.268457826666867,0.7646927866649668,0.7960831500022981,10.693767095639014,-3.3572588233568266
0,sat_p08_s02,2.0440252896688453,1.6705949442853865,18.26936032890076,2,122,122,122,1.899643292738619,1.6111045400250488,2.0138655799328844,2.0739597582579243,5210017.482231108,126.88225023872187,0.6682957736933557,1.0377311782363359,1.6292741160976052,0.7780820862545684,0.4525056080631298,1.4073785594476873,20.688570039688397,13.158757737438613
0,sat_p09_s01,1.563746257023625,1.0916523018862372,30.189933502124145,2,122,122,122,2.0286021644846803,2.1761931099646192,2.132045668003341,1.7775677154860807,5540811.281100643,129.40574258448558,0.8203718571605073,1.189304972392424,0.5982023528682185,0.6075470184748079,0.6115669666627203,0.669759071489779,39.82489507671595,18.215689877252238
0,sat_p09_s02,1.3906806763712662,1.7778413231657806,-27.839650997721574,2,122,122,122,1.9520170665494767,2.033920239204038,2.0255865183990873,1.7965444420453052,5540811.281100643,129.40574258448558,0.6659587221889129,0.88323160136405,0.8428485405604311,0.6921847167238794,1.4024717443177568,0.845383400996284,-16.044069807984318,-40.23994112649589
0,sat_p10_s01,1.476940659009222,1.055403905634257,28.541211239843925,2,122,122,122,2.040160077095479,2.3242335653418422,1.7413667981354417,2.0548798678091527,5772564.2640544195,130.92451737168298,0.44806301163029666,0.6783270776517334,1.2330716214266886,0.30990167705209276,0.6283568398646231,0.7893073142849293,16.87216280226772,33.37642411651851
0,sat_p10_s02,1.3995098375822825,1.6779463999698478,-19.895291544972434,2,122,122,122,2.1172545488840417,2.1390953758657876,2.0031368596688135,2.2095314111175246,5772564.2640544195,130.92451737168298,1.179070553205752,0.5939105232159556,0.46442513548043346,1.3731722636762058,0.7541534970171158,0.6009613618020649,-17.4146980545703,-25.763881580911956
1,sat_p01_s01,1.7589884968622431,1.368686347625545,22.18901089648598,2,122,122,122,1.912846286897017,1.9035860392268247,2.1648075962815856,1.6701452251826419,5830371.235716307,131.275805544026,0.9386342986858207,1.253718116209787,0.8007478195484851,0.7462109985179228,0.7567718475332879,0.8624197554836582,16.71414375595359,27.478692454382543
1,sat_p01_s02,1.3813224179585637,1.4721905965206568,-6.578346762545548,2,122,122,122,2.0781664337142898,1.9580740482915797,2.0856001042598313,2.1908251485914585,5830371.235716306,131.275805544026,0.56916795768766,0.5279157378705734,1.1425429672467984,0.7444738248259407,0.6610588300327008,1.084483794193661,-37.38072328703837,17.593980362753296
1,sat_p02_s01,1.569791256035839,1.4316529954501689,8.799785325248129,2,122,122,122,2.01878272368559,1.8816269675147732,2.1092721079993457,2.06544909554265,5696680.689606842,130.44735125932112,0.712376021048591,1.063353866218807,0.9088693786012766,0.5636141490464253,0.7119496480135086,1.106841040560728,18.305206108194856,-1.8484412804284944
1,sat_p02_s02,1.9267746821034981,1.479232541422214,23.22752861754927,2,122,122,122,2.028748624314795,2.14070860263738,2.322153780011554,1.6233834902954518,5696680.689606842,130.4473512593211,1.30857474359147,1.0486629904672196,0.9488934336657109,0.9578519839632964,1.056919065228164,0.3918808211398252,26.13856983902419,20.69416869734941
1,sat_p03_s01,1.4886738257476564,1.581788770182808,-6.254892295724112,2,122,122,122,1.983181603497492,2.425323092548063,1.7279164074681113,1.7963053104763025,5412750.46053267,128.48288635844995,1.0930384946206257,0.662377114902631,0.763330312772201,0.9186748261380914,1.019699542784137,0.7863238008240687,-1.812152904547221,-19.633180048367183
1,sat_p03_s02,1.7084171585948131,0.9838725563865859,42.41028595171515,2,122,122,122,2.0175582749105536,2.2113769329898783,2.1988031360098566,1.6424947557319256,5412750.46053267,128.48288635844995,0.8324722677473384,0.9247748084016,1.17067103191228,0.39435179455488456,0.5569528575306627,0.7087280041246057,22.292145826780438,66.56455580394244
1,sat_p04_s01,2.978446061054641,2.2656219586287683,23.932751771018072,2,122,122,122,2.17600185584398,2.2051951540170034,1.9533523570975468,2.369458056417389,5074540.099114013,125.70578861559211,1.8197199023469794,1.3239295459816467,1.9511460665186084,1.4128473417336254,0.8828068919962053,1.5354338930156144,17.30717444283929,29.40719730125554
1,sat_p04_s02,1.7439756517397502,1.5371366280280572,11.860201345434792,2,122,122,122,2.1059212578902686,1.9787890679222715,2.1644090194536965,2.174565686294839,5074540.099114014,125.70578861559208,0.5924734837114246,1.0243271978718904,1.2810854915499812,0.35687002656399314,1.0047036966823806,1.1072503236569584,28.403453293060185,-40.38397475240197
1,sat_p05_s01,1.386451220490048,1.130854872846125,18.435293205164573,2,122,122,122,2.0027694223886456,2.0049146271500886,2.2047019289945795,1.79869171102127,4813253.302009773,123.15426500067423,0.7033164248492071,0.9403336276874079,0.7371334085332946,0.590674351005762,0.5515800879191937,0.7910094570324696,1.9799263865411072,45.14134094633887
1,sat_p05_s02,1.5770957288213934,1.0802249508823396,31.50542917964649,2,122,122,122,1.882923591149926,1.832331090133975,1.884271857690218,1.9321678256255848,4813253.302009774,123.15426500067424,0.6916765279020837,1.243002145245888,0.6809994020042309,0.7028467075528538,0.5323612588412431,0.6240864846123759,19.287952736392818,42.02048840676271
1,sat_p06_s01,1.2924698119373144,1.1836803919885142,8.417172992669986,2,122,122,122,1.84889157520389,1.9833133641353728,1.742469469404067,1.8208918920722297,4744593.28914247,122.41402948998675,0.5676841258588388,0.43891705604969566,1.0749719837864755,0.48099344475088407,0.5850528542148552,0.9096470382845272,16.393152177432782,-0.14675575849867345
1,sat_p06_s02,1.9307119420596646,2.101803140234131,-8.861560051881579,2,122,122,122,1.7910472811673805,1.8876061307014134,1.5995748590740282,1.8859608537267005,4744593.28914247,122.41402948998675,1.1414080587942057,1.0587661385155602,1.1418627371380041,0.8199031335900487,1.2973004212355743,1.4360873611620126,-22.56870511804648,6.745040758409741
1,sat_p07_s01,2.035324463872229,1.8177676717378572,10.689047176314462,2,122,122,122,1.9973035143243734,1.8881530647686566,2.123871075835239,1.9798864023692253,4901209.544789459,124.0580831057591,1.4065162906181785,1.1607368554418347,0.9038515087565314,1.2542830119918174,0.8298071882236925,1.0210158983171096,12.851172448829434,1.7279036342034544
1,sat_p07_s02,1.9273283141446245,1.606366261044792,16.653211118432615,2,122,122,122,1.8816289912143715,2.0812183454819504,1.6733421183505919,1.8903265098105717,4901209.544789459,124.0580831057591,1.0538455435151068,1.3216294335404914,0.9259047690320799,1.0279816517976172,0.776713233393502,0.9593658537085205,15.254873250428956,21.215266694493405
1,sat_p08_s01,1.4548249454682598,1.4173201495145662,2.577959366899779,2,122,122,122,1.9317295565824997,1.7593510470882152,2.0084017927081095,2.027435829951175,5210017.4822311085,126.88225023872187,1.2083401983466373,0.5143158186818556,0.6260262180371897,1.117012613419914,0.678178154901817,0.5487746512866398,2.6489952134213195,2.448013277484157
1,sat_p08_s02,1.495436283133482,1.3663232873149542,8.633801204019816,2,122,122,122,1.9397217502676485,1.765727458524226,1.8895683340526588,2.1638694582260607,5210017.482231108,126.88225023872187,1.130965731294082,0.7038736523183285,0.6795646202699074,1.0437391047832754,0.6491572242269738,0.5966933088608254,-0.026281581678577883,20.301445321524945
1,sat_p09_s01,1.8375848324606545,1.4931703460957382,18.742780212422698,2,122,122,122,2.038834482885655,2.1206093049515076,1.8347686218513246,2.1611255218541348,5540811.281100643,129.40574258448558,1.1227533286975648,0.8756421676321723,1.1616340962852374,0.8500687607707492,0.7093054040360913,1.0019114872215742,8.954266119623526,25.95186198375162
1,sat_p09_s02,1.5081609992533438,1.234384706225888,18.152988518002807,2,122,122,122,1.877379793430151,2.1548346346637386,1.7074831680972138,1.7698215775295005,5540811.281100643,129.40574258448558,0.8838716440765446,0.9113986667700694,0.8140472877394843,0.6230102813206415,0.7758272092790521,0.7305175793062236,14.04755052589713,25.640167062913278
1,sat_p10_s01,1.6633640264911713,1.4418517375266897,13.317126343759925,2,122,122,122,2.1200346394045444,2.0269708413552587,2.365950655520793,1.9671824213375817,5772564.2640544195,130.92451737168298,0.9959005773170733,1.083184828533165,0.7756755455472474,0.9196743216427454,0.8078594889216143,0.7619046011667066,16.691429031467774,9.715076852396608
1,sat_p10_s02,1.30600841853462,1.0101083742476247,22.656825184863955,2,122,122,122,2.1276973265512926,2.050592246365256,2.1254356802495677,2.207064053039055,5772564.2640544195,130.92451737168298,0.43863929977050853,0.5466657995157056,1.1020027484629933,0.32172972822820495,0.6738904419115158,0.6802062790063662,7.744654614757287,30.24208312691107
2,sat_p01_s01,1.1470591470533902,1.2409091245833335,-8.181790605221076,2,122,122,122,2.1809403146879194,2.2149269698515295,2.263136780743434,2.064757193468795,5830371.235716307,131.275805544026,0.7198373988333889,0.4276332380888967,0.7840335578030041,0.8836279421244803,0.5396311693347104,0.6839995003313121,-11.68524139069129,6.833729073771539
2,sat_p01_s02,2.100936569942995,1.788196982630853,14.885722481408733,2,122,122,122,2.039709234064336,2.131181829888704,1.8147470837292692,2.1731987885750357,5830371.235716306,131.275805544026,1.653998346241749,0.9620630980802148,0.8675589529626766,1.4974819392156689,0.5448509453191668,0.8113776788880614,12.086249344789012,26.484224929548585
2,sat_p02_s01,1.3461628225579383,1.1993786276321337,10.903896056711007,2,122,122,122,1.8855337955495788,1.5799236970230452,1.9619674972819694,2.114710192343721,5696680.689606842,130.44735125932112,0.5605527654619594,1.093626962822807,0.5494679318732507,0.8157371232899412,0.7715957817472884,0.42157085726741395,9.219177704940751,16.732666213347777
2,sat_p02_s02,1.5195419799022267,1.5393300229274531,-1.3022373377601355,2,122,122,122,2.0237660986041046,2.020094882295784,2.03857849232709,2.0126249211894405,5696680.689606842,130.4473512593211,0.9869887434303948,0.9398625500812173,0.6719519595787342,1.1387316540611094,0.7893714815888432,0.6706115146486208,-2.6155110911040174,7.912697457453624
2,sat_p03_s01,1.5899553873342043,1.6184980366440465,-1.7951855465390234,2,122,122,122,1.9732366768480951,2.3132456892785176,1.9264798305730628,1.6799845106927047,5412750.46053267,128.48288635844995,0.8465701984011706,0.976415965784631,0.9262229184450831,0.8923680189750586,0.8864077347204877,1.0185757414934131,-9.578694797682914,9.044475883739532
2,sat_p03_s02,1.7106054408835616,1.622775559070512,5.134432506404501,2,122,122,122,2.150140406936733,2.0732429976555817,2.2883198785433043,2.088858344611312,5412750.46053267,128.48288635844995,1.2023858640206753,1.0092659267711248,0.6795744973455973,1.0529714428290775,0.9448696352239938,0.7949044144642425,8.512606600227578,-4.561725136230989
2,sat_p04_s01,1.7263321764562194,1.416384389198069,17.954122125812724,2,122,122,122,1.865553280456616,1.9541824748855154,1.856260535608934,1.7862168308753987,5074540.099114013,125.70578861559211,1.1896841009328802,1.130274277094747,0.5360546445965559,1.1757274016167079,0.6277190953883874,0.4793522215828314,8.612295270525797,29.60886068818873
2,sat_p04_s02,1.3339486030436323,1.5295945380129898,-14.666677151050486,2,122,122,122,2.0258698676114633,1.9479599727983643,2.1745897368330316,1.9550598932029934,5074540.099114014,125.70578861559208,0.831978260766167,0.8564376327818449,0.5947651892382337,1.229865595424606,0.5242486825319271,0.7431375288421317,-17.866042256311946,-9.202193556843147
2,sat_p05_s01,2.4349521284335562,2.2908978152916393,5.9161045286992735,2,122,122,122,1.9732044204775256,2.155176039882314,1.963542554213023,1.8008946673372406,4813253.302009773,123.15426500067423,1.012839281996058,1.6759857404883425,1.4471420988584909,0.7018528187604726,0.9768923179499881,1.9496914679087776,14.706930094904703,-2.4587592410184986
2,sat_p05_s02,1.576512291099931,1.0920902007023052,30.72745408534969,2,122,122,122,2.036650344356757,2.250804562222158,2.0058987091389895,1.8532477617091234,4813253.302009774,123.15426500067424,0.8506498291942777,1.1563350463805706,0.6516710309603642,0.6671737188268089,0.7302031849318285,0.4629725090026638,37.82116741600715,11.32106826081963
2,sat_p06_s01,1.1863635269795754,1.5586303007253262,-31.378811408129184,2,122,122,122,1.8755885409658728,1.8894932423416853,1.8297885412076231,1.90748383934831,4744593.28914247,122.41402948998675,0.5833125494422466,0.7369565736185667,0.7239474403649663,0.6219356998630927,1.1826429829626595,0.8024213197716702,-44.544866687526785,-20.122832048387288
2,sat_p06_s02,2.498708782424346,1.9211951742624027,23.112481623473414,2,122,122,122,2.12630248094858,2.1873298238631826,2.25166000111577,1.9399176178667872,4744593.28914247,122.41402948998675,0.8537710327859009,1.2065425860302268,2.0146651312403616,0.5647250740135686,0.5743641311903258,1.7441852921038794,8.995982959109543,45.70618587066089
2,sat_p07_s01,1.783149536850956,1.4201115127177515,20.35937068824469,2,122,122,122,2.0183667162588717,1.8916974076233077,2.184724464532346,1.978678276620961,4901209.544789459,124.0580831057591,1.4211493804205928,0.5414894078284194,0.93099190679166,1.0817949765989918,0.5522176486391414,0.7358614038595482,26.086499795773282,10.317316900029732
2,sat_p07_s02,1.4911107305631548,1.7242272028948242,-15.633746545679223,2,122,122,122,2.1780358566759306,2.4479178122196408,1.8619150438470984,2.224274713961053,4901209.544789459,124.0580831057591,0.7310398125199088,1.0520949837417577,0.7629470155239303,1.49898272034026,0.6533563332403964,0.5469330426464355,-13.368343697056545,-16.32627702777969
2,sat_p08_s01,1.6170788925103685,1.4172363347220112,12.358244159511592,2,122,122,122,1.8482182577290172,2.030660597814099,1.8132368790270137,1.700757296345938,5210017.4822311085,126.88225023872187,1.237076039689784,0.8488175633138285,0.6034034809627586,1.014958677046702,0.5611938556306204,0.8145423062961968,7.912859117069533,19.880230848719343
2,sat_p08_s02,2.2016080564421294,2.076589764948934,5.678499001099626,2,122,122,122,2.107180094108493,2.0197035601096034,2.610634540455136,1.6912021817607388,5210017.482231108,126.88225023872187,0.8990395209540689,0.9453434342906472,1.7734519348426485,1.0068540022793893,1.2132190258516582,1.3515064429355115,4.135945824061366,11.579763308567939
2,sat_p09_s01,1.0353646158645833,0.7796309437526038,24.699865940312108,2,122,122,122,2.064308843113601,1.777880813694004,2.1370407221001066,2.2780049935466935,5540811.281100643,129.40574258448558,0.46940541490457366,0.664276130075352,0.6406057034204387,0.4531629993148847,0.3949389788071554,0.49647850661159004,30.274806609953085,10.311268269955477
2,sat_p09_s02,1.6017118285541618,1.0651383899967917,33.49999850108655,2,122,122,122,2.047530504714498,1.959585545160212,2.163367053457376,2.0196389155259054,5540811.281100643,129.40574258448558,0.6275555711832439,1.3629215299811974,0.5604459741321197,0.5950320907460583,0.5512357216870656,0.6903591673639684,33.5138991062528,33.47050052592333
2,sat_p10_s01,1.3686366042133018,1.4581226868708235,-6.538337669914846,2,122,122,122,1.9486141399102774,2.0694262548873343,1.8646863029216207,1.9117298619218768,5772564.2640544195,130.92451737168298,0.71961322090588,0.6856909197106364,0.9408246007180961,0.37974159642225824,0.6435905086894738,1.2520820049177646,-19.947088050465723,2.980397589569183
2,sat_p10_s02,1.4158797511225656,1.1971264772231391,15.449989571924464,2,122,122,122,2.151064816134696,2.3158750757797915,2.1647418425786475,1.9725775300456494,5772564.2640544195,130.92451737168298,1.0150844114698323,0.43961482958769854,0.8837748066314297,0.6565048263259642,0.6395330989310497,0.7701367611347009,0.8224655854957317,29.758165895297882
3,sat_p01_s01,1.4061592005089256,0.9635815450176392,31.47422107902904,2,122,122,122,1.9941958740867827,1.9390003118646477,1.9733840161234686,2.0702032942722317,5830371.235716307,131.275805544026,0.5255865402023423,0.7760875550611902,1.0482035073463436,0.43839097792019194,0.4909683367644006,0.7037420242329971,34.361871272710275,23.83310741282034
3,sat_p01_s02,0.9966739389598164,1.4206168152374596,-42.535764175803905,2,122,122,122,1.924354395949862,1.9403718698305283,1.987584034997611,1.8451072830214457,5830371.235716306,131.275805544026,0.6090317929891573,0.6600691625714318,0.43214339790437223,0.7897001697141525,1.0918764948724509,0.44981273618463924,-71.06958334273715,4.427343032899323
3,sat_p02_s01,1.9759472680927799,1.602414382570947,18.903990584848636,2,122,122,122,1.9299280358465425,2.0780440037258208,1.7478123949168631,1.9639277088969447,5696680.689606842,130.44735125932112,1.0303312762697963,0.9417226306315108,1.3985505190660934,0.5623671135293402,0.9798552111857599,1.1363797112774487,16.804151875577453,31.4465480051053
3,sat_p02_s02,1.4873149048547616,1.4386654593879167,3.270957973193686,2,122,122,122,2.154410577424332,1.7208962637894119,2.531659931843302,2.2106755366402817,5696680.689606842,130.4473512593211,1.0825267953945619,0.6708993428406418,0.7682027305548346,1.1961973761846858,0.6338209166152544,0.48697144362448763,11.960318748966326,-5.589203577487855
3,sat_p03_s01,1.3643078367675194,1.5039943814668708,-10.238638299572726,2,122,122,122,1.8294566678318602,1.754399689415722,1.9486455154896267,1.7853247985902312,5412750.46053267,128.48288635844995,0.8635843513853353,0.5800955357713136,0.8826364545416368,0.639453243048902,0.8578727842726254,1.0569545569429608,-2.308081935546355,-37.036323209764426
3,sat_p03_s02,1.6338203677334344,1.259253034657831,22.925857730322765,2,122,122,122,1.9310832078562667,1.794405924290476,1.8982851879545006,2.100558511323824,5412750.46053267,128.48288635844995,0.9136782534015687,0.9735008367569516,0.9417309404045237,0.6398693344071374,0.8444922874699554,0.6805278955223549,22.49113099361557,23.95023057301392
3,sat_p04_s01,1.8912037050696873,1.5786191546780224,16.528338515503634,2,122,122,122,2.086899972204117,2.016405013920672,2.0940074124174974,2.150287490274183,5074540.099114013,125.70578861559211,0.838839051499235,1.2217932749329359,1.1748283674979203,0.6564544105529715,1.014054695837429,1.0162672464622495,16.76803462734698,16.158632966408927
3,sat_p04_s02,1.0039856033234122,0.9008957686529243,10.268059056747228,2,122,122,122,1.917874160437801,1.9803065326539462,2.010991379685886,1.7623245689735696,5074540.099114014,125.70578861559208,0.6539469337606652,0.653579554963225,0.3913748393034139,0.6477464272856484,0.4885464423194697,0.3916122133085364,5.536607409013385,14.841477425372547
3,sat_p05_s01,1.8628898118904482,1.5217410340267918,18.31288011165088,2,122,122,122,1.9412077810286832,1.9787951914566428,2.0545666942148526,1.7902614574145532,4813253.302009773,123.15426500067423,1.0629559761970147,1.2073952878086869,0.9395103314438104,0.8193953494883451,0.9869070069597066,0.8187194852277769,14.56210467116556,30.668911272728224
3,sat_p05_s02,1.3376840302599928,0.9924653698596121,25.807190083093385,2,122,122,122,1.8739545057473985,1.7702756794234482,1.9159247279308944,1.9356631098878543,4813253.302009774,123.15426500067424,0.7465935243516899,0.7785350875804508,0.7911256484369847,0.5737922649036159,0.46768525919594434,0.6610752191983735,12.817078499365042,39.570585481548825
3,sat_p06_s01,1.2922736390152145,1.4238408656778543,-10.181065580112074,2,122,122,122,2.0593012507332347,2.0135081015743004,2.312034887018282,1.8523607636071224,4744593.28914247,122.41402948998675,0.8975704393738949,0.7207094914887684,0.5872957460545575,0.9155021286650126,0.9186668937913389,0.5875625936322568,-5.100409757938565,-29.96321429243637
3,sat_p06_s02,1.1705617427966173,1.004070852817083,14.223161742990754,2,122,122,122,2.132933126140761,2.0636014185571807,2.023906746248668,2.3112912136164345,4744593.28914247,122.41402948998675,0.8484814509499257,0.41383335133387605,0.6921242507070067,0.7262494320002696,0.4549503580552607,0.5232018842679186,-2.737273364067622,20.92099296805093
3,sat_p07_s01,1.1030416027827403,0.9656566804676385,12.45509888008836,2,122,122,122,2.155024697646852,2.122216403860831,2.0241233969384758,2.318734292141249,4901209.544789459,124.0580831057591,0.7024039927760586,0.7612597846141997,0.379226777444459,0.6023728605965243,0.5682814246436093,0.4966849944920512,31.354131655615358,-18.6918228559766
3,sat_p07_s02,1.5414487374351156,1.3405529163426404,13.032922614523955,2,122,122,122,1.9616462726253558,2.22961524319649,1.948337682357584,1.7069858923219932,4901209.544789459,124.0580831057591,0.8772666492272488,1.1857529701058582,0.44772461422066456,0.8988379755440725,0.8571225164074624,0.5044932180930989,13.644241386184682,12.666182239809528
3,sat_p08_s01,1.5060778750628607,1.3877697813248602,7.855376916221055,2,122,122,122,2.1111634363687477,2.0556563231191856,2.197128627123536,2.080705358863523,5210017.4822311085,126.88225023872187,0.8006020905399014,1.042598136715782,0.7350482866409396,1.1184578287903961,0.7201874570501805,0.39533160496413294,-3.4569652680518836,25.499274822887706
3,sat_p08_s02,1.8410026320951105,2.1394530365634776,-16.21129700008753,2,122,122,122,2.023591513249589,2.423391473056065,1.6794251303741201,1.9679579363185815,5210017.482231108,126.88225023872187,1.164072049360563,0.9025575927569744,1.1043625976260512,1.0320375374921127,1.3697000182783654,1.2790933026156244,-22.601133778567302,-7.579526633904596
3,sat_p09_s01,1.8298984465002626,1.7178719977415022,6.122003599326201,2,122,122,122,2.131141500381544,2.16285078680664,2.261607903908814,1.968965810429178,5540811.281100643,129.40574258448558,0.9572928405282487,1.142749287827938,1.0612458749725118,1.107060665790874,0.8230400723116211,1.0237704441193487,-4.596394175664518,41.93491180845932
3,sat_p09_s02,1.6748118039035813,1.3753226065151019,17.881961226356452,2,122,122,122,1.7752786686744042,1.7694329081350055,1.9609647268541506,1.5954383710340567,5540811.281100643,129.40574258448558,0.6510490759207789,1.406335941254837,0.635097551225274,0.8208188241497997,0.652121876491031,0.890227941661376,16.692798504319722,22.111203027110104
3,sat_p10_s01,1.952604636151368,1.6159089884506797,17.243411260372906,2,122,122,122,2.1316995563023973,2.0113958088688695,2.3275491233858907,2.056153736652431,5772564.2640544195,130.92451737168298,0.5168509442201195,1.8180572245259534,0.49009988260310294,0.36330650374788886,1.4537917622296461,0.6046980695879598,17.04908031125549,17.922474988202687
3,sat_p10_s02,1.484582398697554,1.1191905261000936,24.61243464276715,2,122,122,122,2.038754877473928,2.118769920985967,2.115409490652231,1.8820852207835865,5772564.2640544195,130.92451737168298,0.5027630954995864,0.8648820837676946,1.0969016134111151,0.6677566635935777,0.5470922299904671,0.7123051058518645,22.98309343531388,29.319061906699222
4,sat_p01_s01,1.4273483363947281,1.1817629752341312,17.205706196492258,2,122,122,122,1.976251269020506,2.1068815365453726,1.961389875213792,1.8604823953023533,5830371.235716307,131.275805544026,0.7445698142511434,0.7571706485931784,0.9537461266101167,0.7566815237780583,0.5612306469411549,0.7134542467048289,32.10883336417698,-1.7268086253713546
4,sat_p01_s02,2.042902852122059,1.9720105541687194,3.4701747016359765,2,122,122,122,2.1577190753310895,2.2292188771419315,1.8655456421880645,2.3783927066632735,5830371.235716306,131.275805544026,0.7316694902109191,1.665051579402987,0.9304381001606478,1.0492536432805686,1.1826193100057771,1.178687399362839,-0.21563191703237333,4.803441744841797
4,sat_p02_s01,2.0847618729138486,1.311334437592021,37.09907809474741,2,122,122,122,1.8605154401261146,2.202839416666717,1.7189435439010854,1.659763359810541,5696680.689606842,130.44735125932112,1.2114518502278404,1.3125843890990854,1.075052883735578,0.8965756495851334,0.7164172338400845,0.6344260861934194,43.06261063954303,33.569296872481495
4,sat_p02_s02,1.4279889267249184,1.4181810486492983,0.6868315217341641,2,122,122,122,1.9857614464369138,2.003528495347585,1.9668676777124754,1.9868881662506817,5696680.689606842,130.4473512593211,1.2045753456272077,0.4547293455566383,0.6175531020452485,0.9327484916831932,0.594152285515392,0.8878067355160058,0.09649304036688765,1.8168880537293848
4,sat_p03_s01,1.5042644618203533,1.2739690571298985,15.309502453562443,2,122,122,122,1.8992473610647091,1.840594234583403,2.0300927820604158,1.8270550665503082,5412750.46053267,128.48288635844995,1.0680700747895777,0.8957711393200474,0.5653600201605412,0.8521032531162072,0.6987724386227219,0.6392450888152948,11.530512679909044,24.51415529797252
4,sat_p03_s02,1.6685386560683717,1.231188612600508,26.211561948370132,2,122,122,122,2.003713168806143,1.8662399551635516,2.2911743064950825,1.853725244759796,5412750.46053267,128.48288635844995,0.6443511175373121,1.1460711962656294,1.0273040918896088,0.6857571351513726,0.8388809312080885,0.5846719889319103,36.9352433402204,-2.017909579689679
4,sat_p04_s01,1.2927528638459866,1.1919761637660355,7.795511647921379,2,122,122,122,2.045814192881419,1.7171922607258152,2.0859975213572652,2.334252796561175,5074540.099114013,125.70578861559211,0.7468242365433613,0.6334546931602757,0.8439186444241212,0.9319111228240756,0.24653972453433803,0.7011183911221399,18.092269594552373,-3.2620408611256595
4,sat_p04_s02,1.5778361494032336,1.434516597151253,9.083297546845193,2,122,122,122,2.012182774667964,2.046377697072221,1.861062084098031,2.12910854283364,5074540.099114014,125.70578861559208,1.1834391710581806,0.7327354358112218,0.7430595022441259,1.0288366354025733,0.31494398407743,0.9487588376660097,11.029347031765433,5.611503416695342
4,sat_p05_s01,1.6664776502144487,1.437664972558199,13.730317812951485,2,122,122,122,1.8673972840494708,1.8782069463662106,1.8203143990564028,1.903670506725799,4813253.302009773,123.15426500067423,1.2866971174764295,0.932234721349494,0.5024905082213493,1.0424247119485213,0.7832344734001223,0.6056195612077293,21.700323701602898,-24.11218911380052
4,sat_p05_s02,1.036471017517215,0.966008671438041,6.798293911580945,2,122,122,122,1.9344330835208117,2.0200559505928863,1.8566869327217295,1.9265563672478196,4813253.302009774,123.15426500067424,0.48133874786863734,0.8007357551435574,0.44878439187219976,0.6088280538496161,0.5679258196746292,0.4898585688605219,32.93374739995763,-41.39081458940017
4,sat_p06_s01,1.8550604332742395,1.3523190748743485,27.101077106827017,2,122,122,122,2.063525737230412,2.1400161218673066,2.0278940118515503,2.0226670779723803,4744593.28914247,122.41402948998675,0.760863709957111,1.0394528650125552,1.3348682958955544,0.4611078075114485,0.8935483472715291,0.9042775133825446,12.773676084239916,42.296306635945136
4,sat_p06_s02,2.325122895466807,1.8108648691587819,22.117455697101082,2,122,122,122,1.9899758406284638,1.769477828907994,2.150597797554894,2.0498518954225045,4744593.28914247,122.41402948998675,0.9280062623686154,0.9025610021431217,1.9314203305958502,1.1812366643236734,0.23945780169495526,1.3515071137135584,21.268873596320294,24.421128861434894
4,sat_p07_s01,1.54916301324613,1.2075494205545372,22.051494243706003,2,122,122,122,2.002084665826903,2.092349527534605,1.9892578946261137,1.9246465753199908,4901209.544789459,124.0580831057591,0.509949898137541,0.9955417449616376,1.071799317520812,0.44478642744759983,0.6786515750219537,0.8943001044169799,32.5027873281392,12.087755175149839
4,sat_p07_s02,2.198614925904564,1.8886491557085126,14.098229141627614,2,122,122,122,1.873538319275365,1.8725836641251303,1.9834722955397273,1.7645589981612375,4901209.544789459,124.0580831057591,0.8861416068977447,0.49325393548470503,1.950733503086433,0.6210124938037529,0.8317275763059847,1.5778366058341697,16.74728014229799,1.4371978411040363
4,sat_p08_s01,1.6103137940391647,1.4597648064782442,9.349046634153032,2,122,122,122,2.0074815734042706,1.670501757444226,2.220765639681304,2.1311773230872815,5210017.4822311085,126.88225023872187,0.8211208468379387,0.8849372735999029,1.0657190492594786,1.1654469734382769,0.4453865832222002,0.757810948602407,24.86032153097438,-15.915598774968528
4,sat_p08_s02,1.6644832421717,1.5730426170857998,5.493634466790717,2,122,122,122,2.1604766929284898,2.399079903505848,1.9362978254590177,2.1460523498206037,5210017.482231108,126.88225023872187,1.1997916573844074,0.8670064828961478,0.7611203590479252,1.2353360753937943,0.7054048461260717,0.6714252445809983,19.887624803209924,-25.54790030208044
4,sat_p09_s01,1.1906622826150348,1.252751560479877,-5.214684194789162,2,122,122,122,1.9440380981249832,2.2378159670141344,1.7205417997987564,1.873756527562058,5540811.281100643,129.40574258448558,0.6706603426023812,0.7501341383927979,0.636545481894418,0.8191344997773818,0.6548320544926303,0.6852737584120568,-6.174917810146634,-3.6200346387714677
4,sat_p09_s02,1.6919518998952208,1.9290886874939657,-14.015575006206165,2,122,122,122,1.9940980818804852,1.8771419800087557,1.7967012924188066,2.308450973213893,5540811.281100643,129.40574258448558,1.5425839975132005,0.5823355195311005,0.37950123170773153,1.804503092579711,0.41813137245502613,0.5388115704551328,-7.056457153280794,-15.777580517905509
4,sat_p10_s01,1.6329820644751536,1.6575314059613244,-1.5033442203825476,2,122,122,122,2.0538771623405765,2.279260349576616,2.074527488783369,1.8078436486617433,5772564.2640544195,130.92451737168298,0.5925182255574716,0.9812984632823614,1.1630158645691104,0.7197279969056469,0.5126602918799804,1.4023485291994437,-0.8588259726911416,-2.7035422155645974
4,sat_p10_s02,1.2886785536933811,0.979537200992377,23.98901974545927,2,122,122,122,1.8995677146874628,2.182358565181331,1.8638577885980554,1.6524867902830018,5772564.2640544195,130.92451737168298,0.5258506207916311,0.8060728518793198,0.8569831368384452,0.5629169842811501,0.3018370441076609,0.7426385363958333,0.19538821691107905,38.88853587823375
